,Kline open time,Open price,High price,Low price,Close price,Volume,Kline Close time,Quote asset volume,Number of trades,Taker buy base asset volume,Taker buy quote asset volume,"Unused field, ignore"
0,1667947080000,46.80,46.80,46.80,46.80,106776.00000000,1667947139999,4997116.80,1,0.00000000,0.00,0
1,1667947140000,46.80,49.70,46.80,46.80,49064.00000000,1667947199999,2356070.10,17,34736.00000000,1682819.70,0
2,1667947200000,46.80,46.80,46.80,46.80,0.00000000,1667947259999,0.00,0,0.00000000,0.00,0
3,1667947260000,46.80,46.80,46.80,46.80,0.00000000,1667947319999,0.00,0,0.00000000,0.00,0
4,1667947320000,47.20,47.20,46.20,46.20,108052.00000000,1667947379999,5048069.80,4,21186.00000000,999979.20,0
5,1667947380000,47.00,48.50,47.00,47.00,16679.00000000,1667947439999,805646.50,8,16229.00000000,784496.50,0
6,1667947440000,47.00,47.00,47.00,47.00,0.00000000,1667947499999,0.00,0,0.00000000,0.00,0
7,1667947500000,47.00,47.00,47.00,47.00,0.00000000,1667947559999,0.00,0,0.00000000,0.00,0
8,1667947560000,47.00,47.00,47.00,47.00,0.00000000,1667947619999,0.00,0,0.00000000,0.00,0
9,1667947620000,47.00,47.00,47.00,47.00,15326.00000000,1667947679999,720322.00,1,0.00000000,0.00,0
10,1667947680000,47.00,47.00,47.00,47.00,0.00000000,1667947739999,0.00,0,0.00000000,0.00,0
11,1667947740000,46.70,46.70,46.30,46.30,31334.00000000,1667947799999,1457121.00,3,0.00000000,0.00,0
12,1667947800000,46.30,46.30,46.30,46.30,0.00000000,1667947859999,0.00,0,0.00000000,0.00,0
13,1667947860000,46.30,46.30,46.30,46.30,0.00000000,1667947919999,0.00,0,0.00000000,0.00,0
14,1667947920000,46.30,46.30,46.30,46.30,0.00000000,1667947979999,0.00,0,0.00000000,0.00,0
15,1667947980000,46.30,46.30,46.30,46.30,0.00000000,1667948039999,0.00,0,0.00000000,0.00,0
16,1667948040000,46.30,46.30,46.30,46.30,0.00000000,1667948099999,0.00,0,0.00000000,0.00,0
17,1667948100000,46.30,46.30,46.30,46.30,0.00000000,1667948159999,0.00,0,0.00000000,0.00,0
18,1667948160000,47.00,47.00,47.00,47.00,450.00000000,1667948219999,21150.00,1,450.00000000,21150.00,0
19,1667948220000,47.00,47.00,47.00,47.00,13638.00000000,1667948279999,640986.00,2,0.00000000,0.00,0
20,1667948280000,47.00,47.00,47.00,47.00,0.00000000,1667948339999,0.00,0,0.00000000,0.00,0
21,1667948340000,47.00,47.00,47.00,47.00,2150.00000000,1667948399999,101050.00,1,0.00000000,0.00,0
22,1667948400000,47.00,47.00,46.60,46.60,25530.00000000,1667948459999,1194804.00,2,0.00000000,0.00,0
23,1667948460000,46.60,46.60,46.60,46.60,0.00000000,1667948519999,0.00,0,0.00000000,0.00,0
24,1667948520000,46.60,46.60,46.60,46.60,0.00000000,1667948579999,0.00,0,0.00000000,0.00,0
25,1667948580000,46.60,46.60,46.60,46.60,0.00000000,1667948639999,0.00,0,0.00000000,0.00,0
26,1667948640000,46.60,46.60,46.60,46.60,0.00000000,1667948699999,0.00,0,0.00000000,0.00,0
27,1667948700000,46.60,46.60,46.60,46.60,0.00000000,1667948759999,0.00,0,0.00000000,0.00,0
28,1667948760000,47.50,49.00,47.40,47.40,52806.00000000,1667948819999,2511783.80,11,52806.00000000,2511783.80,0
29,1667948820000,47.40,47.40,47.40,47.40,0.00000000,1667948879999,0.00,0,0.00000000,0.00,0
30,1667948880000,47.40,47.40,47.40,47.40,0.00000000,1667948939999,0.00,0,0.00000000,0.00,0
31,1667948940000,47.00,47.00,47.00,47.00,450.00000000,1667948999999,21150.00,1,0.00000000,0.00,0
32,1667949000000,47.00,47.00,47.00,47.00,0.00000000,1667949059999,0.00,0,0.00000000,0.00,0
33,1667949060000,47.00,47.00,47.00,47.00,0.00000000,1667949119999,0.00,0,0.00000000,0.00,0
34,1667949120000,47.30,48.50,47.10,47.10,5438.00000000,1667949179999,258030.60,8,3003.00000000,143342.10,0
35,1667949180000,47.10,47.10,47.10,47.10,0.00000000,1667949239999,0.00,0,0.00000000,0.00,0
36,1667949240000,47.10,47.10,47.10,47.10,648.00000000,1667949299999,30520.80,1,0.00000000,0.00,0
37,1667949300000,47.50,47.50,47.50,47.50,62033.00000000,1667949359999,2946567.50,2,62033.00000000,2946567.50,0
38,1667949360000,47.80,47.80,47.80,47.80,62761.00000000,1667949419999,2999975.80,1,62761.00000000,2999975.80,0
39,1667949420000,47.80,47.80,47.80,47.80,104388.00000000,1667949479999,4989746.40,1,104388.00000000,4989746.40,0
40,1667949480000,47.80,47.80,47.80,47.80,1594.00000000,1667949539999,76193.20,1,1594.00000000,76193.20,0
41,1667949540000,47.80,47.80,47.80,47.80,34455.00000000,1667949599999,1646949.00,2,34455.00000000,1646949.00,0
42,1667949600000,47.80,47.80,47.80,47.80,0.00000000,1667949659999,0.00,0,0.00000000,0.00,0
43,1667949660000,47.80,47.80,47.80,47.80,0.00000000,1667949719999,0.00,0,0.00000000,0.00,0
44,1667949720000,47.60,47.60,47.60,47.60,523.00000000,1667949779999,24894.80,1,523.00000000,24894.80,0
45,1667949780000,47.60,47.60,47.60,47.60,0.00000000,1667949839999,0.00,0,0.00000000,0.00,0
46,1667949840000,47.60,47.60,47.60,47.60,0.00000000,1667949899999,0.00,0,0.00000000,0.00,0
47,1667949900000,47.60,47.80,47.60,47.80,10991.00000000,1667949959999,524021.20,3,4248.00000000,203054.40,0
48,1667949960000,47.80,47.80,47.80,47.80,0.00000000,1667950019999,0.00,0,0.00000000,0.00,0
49,1667950020000,47.80,47.80,47.80,47.80,0.00000000,1667950079999,0.00,0,0.00000000,0.00,0
50,1667950080000,47.80,47.80,47.80,47.80,0.00000000,1667950139999,0.00,0,0.00000000,0.00,0
51,1667950140000,47.80,47.80,47.80,47.80,0.00000000,1667950199999,0.00,0,0.00000000,0.00,0
52,1667950200000,47.80,47.80,47.80,47.80,0.00000000,1667950259999,0.00,0,0.00000000,0.00,0
53,1667950260000,47.80,47.80,47.80,47.80,0.00000000,1667950319999,0.00,0,0.00000000,0.00,0
54,1667950320000,47.70,47.70,47.70,47.70,500.00000000,1667950379999,23850.00,1,500.00000000,23850.00,0
55,1667950380000,47.70,47.70,47.70,47.70,0.00000000,1667950439999,0.00,0,0.00000000,0.00,0
56,1667950440000,47.70,47.70,47.70,47.70,0.00000000,1667950499999,0.00,0,0.00000000,0.00,0
57,1667950500000,47.70,47.70,47.70,47.70,2089.00000000,1667950559999,99645.30,1,2089.00000000,99645.30,0
58,1667950560000,47.70,47.70,47.70,47.70,0.00000000,1667950619999,0.00,0,0.00000000,0.00,0
59,1667950620000,47.70,47.70,47.70,47.70,0.00000000,1667950679999,0.00,0,0.00000000,0.00,0
60,1667950680000,47.70,47.70,47.70,47.70,1000.00000000,1667950739999,47700.00,2,0.00000000,0.00,0
61,1667950740000,47.70,47.70,47.70,47.70,0.00000000,1667950799999,0.00,0,0.00000000,0.00,0
62,1667950800000,48.00,48.00,48.00,48.00,6529.00000000,1667950859999,313392.00,2,6529.00000000,313392.00,0
63,1667950860000,48.00,49.50,48.00,48.00,4935.00000000,1667950919999,238008.00,7,4485.00000000,216408.00,0
64,1667950920000,48.00,48.00,48.00,48.00,0.00000000,1667950979999,0.00,0,0.00000000,0.00,0
65,1667950980000,48.00,48.00,48.00,48.00,0.00000000,1667951039999,0.00,0,0.00000000,0.00,0
66,1667951040000,48.00,48.00,48.00,48.00,0.00000000,1667951099999,0.00,0,0.00000000,0.00,0
67,1667951100000,48.10,48.10,48.10,48.10,2557.00000000,1667951159999,122991.70,2,2557.00000000,122991.70,0
68,1667951160000,48.10,48.10,48.10,48.10,74331.00000000,1667951219999,3575321.10,2,63535.00000000,3056033.50,0
69,1667951220000,48.10,48.10,48.10,48.10,0.00000000,1667951279999,0.00,0,0.00000000,0.00,0
70,1667951280000,48.10,48.10,48.10,48.10,0.00000000,1667951339999,0.00,0,0.00000000,0.00,0
71,1667951340000,48.10,48.10,48.10,48.10,0.00000000,1667951399999,0.00,0,0.00000000,0.00,0
72,1667951400000,48.10,48.10,48.10,48.10,0.00000000,1667951459999,0.00,0,0.00000000,0.00,0
73,1667951460000,48.10,48.10,48.10,48.10,0.00000000,1667951519999,0.00,0,0.00000000,0.00,0
74,1667951520000,47.90,47.90,47.30,47.30,68880.00000000,1667951579999,3263019.00,4,2093.00000000,100254.70,0
75,1667951580000,47.80,47.80,47.80,47.80,2092.00000000,1667951639999,99997.60,1,2092.00000000,99997.60,0
76,1667951640000,47.80,47.80,47.80,47.80,31387.00000000,1667951699999,1500298.60,1,31387.00000000,1500298.60,0
77,1667951700000,47.80,47.80,47.80,47.80,0.00000000,1667951759999,0.00,0,0.00000000,0.00,0
78,1667951760000,47.80,47.80,47.80,47.80,0.00000000,1667951819999,0.00,0,0.00000000,0.00,0
79,1667951820000,47.80,47.80,47.80,47.80,0.00000000,1667951879999,0.00,0,0.00000000,0.00,0
80,1667951880000,47.80,47.80,47.80,47.80,8201.00000000,1667951939999,392007.80,1,8201.00000000,392007.80,0
81,1667951940000,47.80,47.80,47.80,47.80,0.00000000,1667951999999,0.00,0,0.00000000,0.00,0
82,1667952000000,47.80,47.80,47.80,47.80,500.00000000,1667952059999,23900.00,1,500.00000000,23900.00,0
83,1667952060000,47.80,47.80,47.50,47.50,16171.00000000,1667952119999,771264.10,2,10472.00000000,500561.60,0
84,1667952120000,47.20,47.20,47.20,47.20,4637.00000000,1667952179999,218866.40,1,0.00000000,0.00,0
85,1667952180000,47.20,47.20,47.20,47.20,0.00000000,1667952239999,0.00,0,0.00000000,0.00,0
86,1667952240000,47.20,47.20,47.20,47.20,0.00000000,1667952299999,0.00,0,0.00000000,0.00,0
87,1667952300000,47.20,47.20,47.20,47.20,0.00000000,1667952359999,0.00,0,0.00000000,0.00,0
88,1667952360000,47.20,47.20,47.20,47.20,140229.00000000,1667952419999,6618808.80,4,0.00000000,0.00,0
89,1667952420000,47.20,47.20,47.20,47.20,0.00000000,1667952479999,0.00,0,0.00000000,0.00,0
90,1667952480000,47.20,47.20,47.20,47.20,21186.00000000,1667952539999,999979.20,1,0.00000000,0.00,0
91,1667952540000,47.10,47.10,47.00,47.00,35394.00000000,1667952599999,1663818.00,4,0.00000000,0.00,0
92,1667952600000,47.50,48.50,47.00,47.00,54795.00000000,1667952659999,2592242.70,6,54345.00000000,2571092.70,0
93,1667952660000,46.80,46.80,46.70,46.70,22413.00000000,1667952719999,1046787.10,2,0.00000000,0.00,0
94,1667952720000,46.70,46.70,46.70,46.70,0.00000000,1667952779999,0.00,0,0.00000000,0.00,0
95,1667952780000,46.70,47.00,46.60,46.60,90616.00000000,1667952839999,4231384.00,3,446.00000000,20962.00,0
96,1667952840000,46.60,46.60,46.60,46.60,0.00000000,1667952899999,0.00,0,0.00000000,0.00,0
97,1667952900000,46.60,46.60,46.60,46.60,0.00000000,1667952959999,0.00,0,0.00000000,0.00,0
98,1667952960000,46.60,46.60,46.60,46.60,0.00000000,1667953019999,0.00,0,0.00000000,0.00,0
99,1667953020000,46.60,46.60,46.60,46.60,0.00000000,1667953079999,0.00,0,0.00000000,0.00,0
100,1667953080000,46.60,46.60,46.60,46.60,0.00000000,1667953139999,0.00,0,0.00000000,0.00,0
101,1667953140000,46.60,46.60,46.60,46.60,0.00000000,1667953199999,0.00,0,0.00000000,0.00,0
102,1667953200000,46.60,46.60,46.60,46.60,0.00000000,1667953259999,0.00,0,0.00000000,0.00,0
103,1667953260000,47.50,47.50,47.00,47.00,1350.00000000,1667953319999,63675.00,3,1350.00000000,63675.00,0
104,1667953320000,47.00,47.00,47.00,47.00,0.00000000,1667953379999,0.00,0,0.00000000,0.00,0
105,1667953380000,47.00,47.00,47.00,47.00,0.00000000,1667953439999,0.00,0,0.00000000,0.00,0
106,1667953440000,47.00,47.00,47.00,47.00,0.00000000,1667953499999,0.00,0,0.00000000,0.00,0
107,1667953500000,47.00,47.00,47.00,47.00,0.00000000,1667953559999,0.00,0,0.00000000,0.00,0
108,1667953560000,47.00,47.00,47.00,47.00,0.00000000,1667953619999,0.00,0,0.00000000,0.00,0
109,1667953620000,47.00,47.00,47.00,47.00,0.00000000,1667953679999,0.00,0,0.00000000,0.00,0
110,1667953680000,47.00,47.00,47.00,47.00,21934.00000000,1667953739999,1030898.00,1,0.00000000,0.00,0
111,1667953740000,47.00,47.00,47.00,47.00,0.00000000,1667953799999,0.00,0,0.00000000,0.00,0
112,1667953800000,47.00,47.00,47.00,47.00,0.00000000,1667953859999,0.00,0,0.00000000,0.00,0
113,1667953860000,47.00,47.00,47.00,47.00,0.00000000,1667953919999,0.00,0,0.00000000,0.00,0
114,1667953920000,47.00,47.00,47.00,47.00,0.00000000,1667953979999,0.00,0,0.00000000,0.00,0
115,1667953980000,47.00,47.00,47.00,47.00,0.00000000,1667954039999,0.00,0,0.00000000,0.00,0
116,1667954040000,47.00,47.00,47.00,47.00,0.00000000,1667954099999,0.00,0,0.00000000,0.00,0
117,1667954100000,47.00,47.00,47.00,47.00,0.00000000,1667954159999,0.00,0,0.00000000,0.00,0
118,1667954160000,47.00,47.00,47.00,47.00,0.00000000,1667954219999,0.00,0,0.00000000,0.00,0
119,1667954220000,47.00,47.00,47.00,47.00,0.00000000,1667954279999,0.00,0,0.00000000,0.00,0
120,1667954280000,47.00,47.00,47.00,47.00,0.00000000,1667954339999,0.00,0,0.00000000,0.00,0
121,1667954340000,47.00,47.00,47.00,47.00,0.00000000,1667954399999,0.00,0,0.00000000,0.00,0
122,1667954400000,47.00,47.00,47.00,47.00,0.00000000,1667954459999,0.00,0,0.00000000,0.00,0
123,1667954460000,47.00,47.00,47.00,47.00,0.00000000,1667954519999,0.00,0,0.00000000,0.00,0
124,1667954520000,47.50,48.00,47.20,47.20,201751.00000000,1667954579999,9661213.60,8,201751.00000000,9661213.60,0
125,1667954580000,47.00,47.00,47.00,47.00,2350.00000000,1667954639999,110450.00,3,0.00000000,0.00,0
126,1667954640000,47.20,47.20,47.10,47.10,17393.00000000,1667954699999,819254.70,2,17393.00000000,819254.70,0
127,1667954700000,47.10,47.10,47.10,47.10,0.00000000,1667954759999,0.00,0,0.00000000,0.00,0
128,1667954760000,47.10,47.10,47.10,47.10,0.00000000,1667954819999,0.00,0,0.00000000,0.00,0
129,1667954820000,47.10,47.10,47.10,47.10,351367.00000000,1667954879999,16549385.70,2,0.00000000,0.00,0
130,1667954880000,46.70,46.70,46.50,46.50,109328.00000000,1667954939999,5091473.80,7,0.00000000,0.00,0
131,1667954940000,46.90,46.90,46.90,46.90,1350.00000000,1667954999999,63315.00,2,1350.00000000,63315.00,0
132,1667955000000,46.90,46.90,46.90,46.90,148285.00000000,1667955059999,6954566.50,2,148285.00000000,6954566.50,0
133,1667955060000,46.90,46.90,46.90,46.90,0.00000000,1667955119999,0.00,0,0.00000000,0.00,0
134,1667955120000,46.90,46.90,46.90,46.90,0.00000000,1667955179999,0.00,0,0.00000000,0.00,0
135,1667955180000,46.90,46.90,46.90,46.90,189584.00000000,1667955239999,8891489.60,2,186157.00000000,8730763.30,0
136,1667955240000,46.90,46.90,46.90,46.90,0.00000000,1667955299999,0.00,0,0.00000000,0.00,0
137,1667955300000,46.90,46.90,46.90,46.90,0.00000000,1667955359999,0.00,0,0.00000000,0.00,0
138,1667955360000,46.50,46.50,46.50,46.50,1900.00000000,1667955419999,88350.00,1,0.00000000,0.00,0
139,1667955420000,46.50,46.50,46.50,46.50,0.00000000,1667955479999,0.00,0,0.00000000,0.00,0
140,1667955480000,46.60,46.60,46.60,46.60,11058.00000000,1667955539999,515302.80,1,11058.00000000,515302.80,0
141,1667955540000,46.60,46.60,46.60,46.60,0.00000000,1667955599999,0.00,0,0.00000000,0.00,0
142,1667955600000,46.60,46.60,46.60,46.60,0.00000000,1667955659999,0.00,0,0.00000000,0.00,0
143,1667955660000,46.20,46.30,46.20,46.30,72871.00000000,1667955719999,3370198.90,2,0.00000000,0.00,0
144,1667955720000,46.30,46.30,46.30,46.30,0.00000000,1667955779999,0.00,0,0.00000000,0.00,0
145,1667955780000,46.30,46.30,46.30,46.30,0.00000000,1667955839999,0.00,0,0.00000000,0.00,0
146,1667955840000,46.30,46.30,46.30,46.30,0.00000000,1667955899999,0.00,0,0.00000000,0.00,0
147,1667955900000,46.90,46.90,46.90,46.90,2423.00000000,1667955959999,113638.70,1,2423.00000000,113638.70,0
148,1667955960000,46.90,46.90,46.90,46.90,0.00000000,1667956019999,0.00,0,0.00000000,0.00,0
149,1667956020000,46.90,46.90,46.90,46.90,0.00000000,1667956079999,0.00,0,0.00000000,0.00,0
150,1667956080000,46.90,46.90,46.90,46.90,0.00000000,1667956139999,0.00,0,0.00000000,0.00,0
151,1667956140000,46.90,46.90,46.90,46.90,0.00000000,1667956199999,0.00,0,0.00000000,0.00,0
152,1667956200000,46.90,46.90,46.90,46.90,0.00000000,1667956259999,0.00,0,0.00000000,0.00,0
153,1667956260000,46.90,46.90,46.90,46.90,0.00000000,1667956319999,0.00,0,0.00000000,0.00,0
154,1667956320000,46.90,46.90,46.90,46.90,0.00000000,1667956379999,0.00,0,0.00000000,0.00,0
155,1667956380000,46.90,46.90,46.90,46.90,2508.00000000,1667956439999,117625.20,1,2508.00000000,117625.20,0
156,1667956440000,46.90,46.90,46.90,46.90,0.00000000,1667956499999,0.00,0,0.00000000,0.00,0
157,1667956500000,46.90,46.90,46.90,46.90,0.00000000,1667956559999,0.00,0,0.00000000,0.00,0
158,1667956560000,46.90,46.90,46.90,46.90,0.00000000,1667956619999,0.00,0,0.00000000,0.00,0
159,1667956620000,46.90,46.90,46.90,46.90,0.00000000,1667956679999,0.00,0,0.00000000,0.00,0
160,1667956680000,46.90,46.90,46.90,46.90,0.00000000,1667956739999,0.00,0,0.00000000,0.00,0
161,1667956740000,46.60,46.60,46.60,46.60,940.00000000,1667956799999,43804.00,1,0.00000000,0.00,0
162,1667956800000,46.60,46.60,46.60,46.60,0.00000000,1667956859999,0.00,0,0.00000000,0.00,0
163,1667956860000,46.60,46.60,46.60,46.60,0.00000000,1667956919999,0.00,0,0.00000000,0.00,0
164,1667956920000,46.60,46.60,46.20,46.20,189268.00000000,1667956979999,8784820.40,5,0.00000000,0.00,0
165,1667956980000,46.20,46.20,46.20,46.20,0.00000000,1667957039999,0.00,0,0.00000000,0.00,0
166,1667957040000,46.20,46.20,46.20,46.20,0.00000000,1667957099999,0.00,0,0.00000000,0.00,0
167,1667957100000,46.20,46.20,46.20,46.20,0.00000000,1667957159999,0.00,0,0.00000000,0.00,0
168,1667957160000,47.00,47.50,47.00,47.00,15122.00000000,1667957219999,717800.00,5,14672.00000000,696650.00,0
169,1667957220000,46.50,46.50,46.50,46.50,450.00000000,1667957279999,20925.00,1,0.00000000,0.00,0
170,1667957280000,46.50,46.50,46.50,46.50,0.00000000,1667957339999,0.00,0,0.00000000,0.00,0
171,1667957340000,46.50,46.50,46.50,46.50,0.00000000,1667957399999,0.00,0,0.00000000,0.00,0
172,1667957400000,46.50,46.50,46.50,46.50,0.00000000,1667957459999,0.00,0,0.00000000,0.00,0
173,1667957460000,46.50,46.50,46.50,46.50,0.00000000,1667957519999,0.00,0,0.00000000,0.00,0
174,1667957520000,46.50,46.50,46.50,46.50,0.00000000,1667957579999,0.00,0,0.00000000,0.00,0
175,1667957580000,46.50,46.50,46.50,46.50,0.00000000,1667957639999,0.00,0,0.00000000,0.00,0
176,1667957640000,46.60,46.60,46.60,46.60,2011.00000000,1667957699999,93712.60,1,2011.00000000,93712.60,0
177,1667957700000,46.50,46.50,46.50,46.50,2154.00000000,1667957759999,100161.00,1,0.00000000,0.00,0
178,1667957760000,46.70,46.70,46.70,46.70,450.00000000,1667957819999,21015.00,1,450.00000000,21015.00,0
179,1667957820000,46.70,46.70,46.70,46.70,450.00000000,1667957879999,21015.00,1,450.00000000,21015.00,0
180,1667957880000,46.70,46.70,46.70,46.70,0.00000000,1667957939999,0.00,0,0.00000000,0.00,0
181,1667957940000,46.70,46.70,46.70,46.70,0.00000000,1667957999999,0.00,0,0.00000000,0.00,0
182,1667958000000,46.70,46.70,46.70,46.70,0.00000000,1667958059999,0.00,0,0.00000000,0.00,0
183,1667958060000,46.70,46.70,46.70,46.70,0.00000000,1667958119999,0.00,0,0.00000000,0.00,0
184,1667958120000,46.70,46.70,46.70,46.70,0.00000000,1667958179999,0.00,0,0.00000000,0.00,0
185,1667958180000,46.70,46.70,46.70,46.70,0.00000000,1667958239999,0.00,0,0.00000000,0.00,0
186,1667958240000,46.70,46.70,46.70,46.70,0.00000000,1667958299999,0.00,0,0.00000000,0.00,0
187,1667958300000,46.70,46.70,46.70,46.70,0.00000000,1667958359999,0.00,0,0.00000000,0.00,0
188,1667958360000,46.70,46.70,46.70,46.70,0.00000000,1667958419999,0.00,0,0.00000000,0.00,0
189,1667958420000,46.70,46.70,46.70,46.70,0.00000000,1667958479999,0.00,0,0.00000000,0.00,0
190,1667958480000,46.70,46.70,46.70,46.70,0.00000000,1667958539999,0.00,0,0.00000000,0.00,0
191,1667958540000,46.70,46.70,46.70,46.70,0.00000000,1667958599999,0.00,0,0.00000000,0.00,0
192,1667958600000,46.70,46.70,46.70,46.70,0.00000000,1667958659999,0.00,0,0.00000000,0.00,0
193,1667958660000,46.40,46.40,46.40,46.40,68721.00000000,1667958719999,3188654.40,1,0.00000000,0.00,0
194,1667958720000,46.50,46.50,46.50,46.50,184934.00000000,1667958779999,8599431.00,2,0.00000000,0.00,0
195,1667958780000,46.50,46.50,46.50,46.50,0.00000000,1667958839999,0.00,0,0.00000000,0.00,0
196,1667958840000,46.50,47.40,46.30,46.40,45135.00000000,1667958899999,2115784.80,7,21471.00000000,1015840.60,0
197,1667958900000,47.00,47.50,46.20,46.20,6015.00000000,1667958959999,283327.50,7,5115.00000000,241747.50,0
198,1667958960000,46.20,46.20,46.20,46.20,0.00000000,1667959019999,0.00,0,0.00000000,0.00,0
199,1667959020000,46.10,46.10,46.10,46.10,500.00000000,1667959079999,23050.00,1,0.00000000,0.00,0
200,1667959080000,46.10,46.10,46.10,46.10,0.00000000,1667959139999,0.00,0,0.00000000,0.00,0
201,1667959140000,46.10,46.10,46.10,46.10,0.00000000,1667959199999,0.00,0,0.00000000,0.00,0
202,1667959200000,46.10,46.10,46.10,46.10,0.00000000,1667959259999,0.00,0,0.00000000,0.00,0
203,1667959260000,46.10,46.10,46.10,46.10,0.00000000,1667959319999,0.00,0,0.00000000,0.00,0
204,1667959320000,46.50,46.50,46.50,46.50,900.00000000,1667959379999,41850.00,2,900.00000000,41850.00,0
205,1667959380000,46.50,46.50,46.50,46.50,0.00000000,1667959439999,0.00,0,0.00000000,0.00,0
206,1667959440000,46.50,46.50,46.50,46.50,11277.00000000,1667959499999,524380.50,2,11277.00000000,524380.50,0
207,1667959500000,46.50,46.50,46.50,46.50,0.00000000,1667959559999,0.00,0,0.00000000,0.00,0
208,1667959560000,46.50,46.50,46.50,46.50,0.00000000,1667959619999,0.00,0,0.00000000,0.00,0
209,1667959620000,46.60,46.60,46.60,46.60,4206.00000000,1667959679999,195999.60,1,4206.00000000,195999.60,0
210,1667959680000,46.60,46.60,46.60,46.60,0.00000000,1667959739999,0.00,0,0.00000000,0.00,0
211,1667959740000,46.50,46.60,46.50,46.60,214592.00000000,1667959799999,9993129.90,5,124355.00000000,5788085.70,0
212,1667959800000,46.60,46.60,46.60,46.60,0.00000000,1667959859999,0.00,0,0.00000000,0.00,0
213,1667959860000,46.10,46.10,46.10,46.10,4192.00000000,1667959919999,193251.20,2,0.00000000,0.00,0
214,1667959920000,46.80,46.80,46.80,46.80,4116.00000000,1667959979999,192628.80,1,4116.00000000,192628.80,0
215,1667959980000,46.80,46.80,46.80,46.80,0.00000000,1667960039999,0.00,0,0.00000000,0.00,0
216,1667960040000,46.80,46.80,46.80,46.80,0.00000000,1667960099999,0.00,0,0.00000000,0.00,0
217,1667960100000,46.80,46.80,46.80,46.80,0.00000000,1667960159999,0.00,0,0.00000000,0.00,0
218,1667960160000,46.80,46.80,46.80,46.80,0.00000000,1667960219999,0.00,0,0.00000000,0.00,0
219,1667960220000,46.80,46.80,46.80,46.80,0.00000000,1667960279999,0.00,0,0.00000000,0.00,0
220,1667960280000,46.80,46.80,46.80,46.80,0.00000000,1667960339999,0.00,0,0.00000000,0.00,0
221,1667960340000,46.80,46.80,46.80,46.80,0.00000000,1667960399999,0.00,0,0.00000000,0.00,0
222,1667960400000,46.80,46.80,46.80,46.80,11105.00000000,1667960459999,519714.00,1,0.00000000,0.00,0
223,1667960460000,46.80,46.80,46.80,46.80,432.00000000,1667960519999,20217.60,1,0.00000000,0.00,0
224,1667960520000,46.90,46.90,46.90,46.90,3133.00000000,1667960579999,146937.70,1,3133.00000000,146937.70,0
225,1667960580000,46.90,46.90,46.90,46.90,21322.00000000,1667960639999,1000001.80,1,21322.00000000,1000001.80,0
226,1667960640000,46.90,46.90,46.90,46.90,0.00000000,1667960699999,0.00,0,0.00000000,0.00,0
227,1667960700000,46.40,46.40,46.40,46.40,2155.00000000,1667960759999,99992.00,1,0.00000000,0.00,0
228,1667960760000,46.40,46.40,46.40,46.40,1077.00000000,1667960819999,49972.80,1,0.00000000,0.00,0
229,1667960820000,46.40,46.40,46.40,46.40,0.00000000,1667960879999,0.00,0,0.00000000,0.00,0
230,1667960880000,46.40,46.40,46.40,46.40,0.00000000,1667960939999,0.00,0,0.00000000,0.00,0
231,1667960940000,46.40,46.40,46.40,46.40,0.00000000,1667960999999,0.00,0,0.00000000,0.00,0
232,1667961000000,46.40,46.40,46.40,46.40,0.00000000,1667961059999,0.00,0,0.00000000,0.00,0
233,1667961060000,46.40,46.40,46.40,46.40,0.00000000,1667961119999,0.00,0,0.00000000,0.00,0
234,1667961120000,46.10,46.10,45.90,45.90,242559.00000000,1667961179999,11150980.80,15,0.00000000,0.00,0
235,1667961180000,46.00,46.00,46.00,46.00,1802.00000000,1667961239999,82892.00,1,0.00000000,0.00,0
236,1667961240000,46.00,46.00,46.00,46.00,0.00000000,1667961299999,0.00,0,0.00000000,0.00,0
237,1667961300000,46.00,46.00,46.00,46.00,1145.00000000,1667961359999,52670.00,1,0.00000000,0.00,0
238,1667961360000,46.00,46.00,46.00,46.00,0.00000000,1667961419999,0.00,0,0.00000000,0.00,0
239,1667961420000,46.00,46.00,45.60,45.60,22928.00000000,1667961479999,1045777.60,2,0.00000000,0.00,0
240,1667961480000,46.30,46.30,46.30,46.30,4796.00000000,1667961539999,222054.80,1,4796.00000000,222054.80,0
241,1667961540000,45.90,45.90,45.90,45.90,1226.00000000,1667961599999,56273.40,1,1226.00000000,56273.40,0
242,1667961600000,45.90,45.90,45.90,45.90,1306.00000000,1667961659999,59945.40,2,1306.00000000,59945.40,0
243,1667961660000,45.90,45.90,45.90,45.90,884.00000000,1667961719999,40575.60,1,884.00000000,40575.60,0
244,1667961720000,45.90,45.90,45.90,45.90,0.00000000,1667961779999,0.00,0,0.00000000,0.00,0
245,1667961780000,45.90,45.90,45.90,45.90,0.00000000,1667961839999,0.00,0,0.00000000,0.00,0
246,1667961840000,45.60,45.60,45.60,45.60,54825.00000000,1667961899999,2500020.00,1,0.00000000,0.00,0
247,1667961900000,45.60,45.60,45.60,45.60,0.00000000,1667961959999,0.00,0,0.00000000,0.00,0
248,1667961960000,45.60,45.60,45.60,45.60,0.00000000,1667962019999,0.00,0,0.00000000,0.00,0
249,1667962020000,45.60,45.60,45.60,45.60,0.00000000,1667962079999,0.00,0,0.00000000,0.00,0
250,1667962080000,45.60,45.60,45.60,45.60,0.00000000,1667962139999,0.00,0,0.00000000,0.00,0
251,1667962140000,45.60,45.60,45.60,45.60,0.00000000,1667962199999,0.00,0,0.00000000,0.00,0
252,1667962200000,45.60,45.60,45.60,45.60,0.00000000,1667962259999,0.00,0,0.00000000,0.00,0
253,1667962260000,45.60,45.60,45.60,45.60,0.00000000,1667962319999,0.00,0,0.00000000,0.00,0
254,1667962320000,45.60,45.60,45.60,45.60,18940.00000000,1667962379999,863664.00,3,0.00000000,0.00,0
255,1667962380000,45.60,45.60,45.60,45.60,0.00000000,1667962439999,0.00,0,0.00000000,0.00,0
256,1667962440000,45.50,45.50,45.20,45.20,28098.00000000,1667962499999,1272616.90,4,0.00000000,0.00,0
257,1667962500000,45.20,45.20,45.20,45.20,0.00000000,1667962559999,0.00,0,0.00000000,0.00,0
258,1667962560000,45.20,45.20,45.20,45.20,4346.00000000,1667962619999,196439.20,1,0.00000000,0.00,0
259,1667962620000,45.20,45.20,45.20,45.20,0.00000000,1667962679999,0.00,0,0.00000000,0.00,0
260,1667962680000,45.20,45.20,45.20,45.20,0.00000000,1667962739999,0.00,0,0.00000000,0.00,0
261,1667962740000,45.20,45.20,45.20,45.20,0.00000000,1667962799999,0.00,0,0.00000000,0.00,0
262,1667962800000,45.20,45.20,45.10,45.10,2190.00000000,1667962859999,98879.60,2,0.00000000,0.00,0
263,1667962860000,45.10,45.10,45.10,45.10,0.00000000,1667962919999,0.00,0,0.00000000,0.00,0
264,1667962920000,45.10,45.10,45.10,45.10,0.00000000,1667962979999,0.00,0,0.00000000,0.00,0
265,1667962980000,45.20,45.20,45.10,45.10,955.00000000,1667963039999,43136.80,2,0.00000000,0.00,0
266,1667963040000,45.10,45.10,45.10,45.10,0.00000000,1667963099999,0.00,0,0.00000000,0.00,0
267,1667963100000,45.80,45.80,45.80,45.80,436.00000000,1667963159999,19968.80,1,436.00000000,19968.80,0
268,1667963160000,45.80,45.80,45.80,45.80,0.00000000,1667963219999,0.00,0,0.00000000,0.00,0
269,1667963220000,45.80,45.80,45.80,45.80,0.00000000,1667963279999,0.00,0,0.00000000,0.00,0
270,1667963280000,45.70,45.70,45.70,45.70,5458.00000000,1667963339999,249430.60,1,5458.00000000,249430.60,0
271,1667963340000,45.30,45.30,45.20,45.20,13231.00000000,1667963399999,599032.50,5,9913.00000000,449058.90,0
272,1667963400000,45.20,45.20,45.20,45.20,0.00000000,1667963459999,0.00,0,0.00000000,0.00,0
273,1667963460000,45.10,45.10,44.50,44.50,428554.00000000,1667963519999,19276254.60,29,0.00000000,0.00,0
274,1667963520000,44.50,44.50,44.50,44.50,0.00000000,1667963579999,0.00,0,0.00000000,0.00,0
275,1667963580000,44.50,44.50,44.50,44.50,6030.00000000,1667963639999,268335.00,1,0.00000000,0.00,0
276,1667963640000,44.50,44.50,44.50,44.50,1907.00000000,1667963699999,84861.50,1,0.00000000,0.00,0
277,1667963700000,44.80,44.80,44.60,44.80,14363.00000000,1667963759999,640769.80,3,14363.00000000,640769.80,0
278,1667963760000,44.80,44.80,44.80,44.80,450.00000000,1667963819999,20160.00,1,450.00000000,20160.00,0
279,1667963820000,44.80,44.80,44.80,44.80,0.00000000,1667963879999,0.00,0,0.00000000,0.00,0
280,1667963880000,44.80,44.80,44.80,44.80,0.00000000,1667963939999,0.00,0,0.00000000,0.00,0
281,1667963940000,45.30,45.30,45.30,45.30,450.00000000,1667963999999,20385.00,1,450.00000000,20385.00,0
282,1667964000000,44.80,44.80,44.80,44.80,10307.00000000,1667964059999,461753.60,1,0.00000000,0.00,0
283,1667964060000,45.20,45.20,45.20,45.20,8981.00000000,1667964119999,405941.20,1,0.00000000,0.00,0
284,1667964120000,45.50,46.00,45.50,45.50,25689.00000000,1667964179999,1179428.10,6,25239.00000000,1158953.10,0
285,1667964180000,45.20,45.20,45.20,45.20,13408.00000000,1667964239999,606041.60,1,0.00000000,0.00,0
286,1667964240000,45.20,45.20,45.20,45.20,0.00000000,1667964299999,0.00,0,0.00000000,0.00,0
287,1667964300000,45.20,45.20,45.20,45.20,0.00000000,1667964359999,0.00,0,0.00000000,0.00,0
288,1667964360000,45.20,45.20,45.20,45.20,0.00000000,1667964419999,0.00,0,0.00000000,0.00,0
289,1667964420000,45.20,45.20,45.20,45.20,0.00000000,1667964479999,0.00,0,0.00000000,0.00,0
290,1667964480000,45.20,45.20,45.20,45.20,0.00000000,1667964539999,0.00,0,0.00000000,0.00,0
291,1667964540000,45.20,45.20,45.20,45.20,0.00000000,1667964599999,0.00,0,0.00000000,0.00,0
292,1667964600000,45.20,45.20,45.20,45.20,44248.00000000,1667964659999,2000009.60,1,0.00000000,0.00,0
293,1667964660000,45.10,45.10,44.80,44.80,61083.00000000,1667964719999,2743011.70,4,0.00000000,0.00,0
294,1667964720000,44.80,44.80,44.80,44.80,0.00000000,1667964779999,0.00,0,0.00000000,0.00,0
295,1667964780000,44.80,44.80,44.80,44.80,0.00000000,1667964839999,0.00,0,0.00000000,0.00,0
296,1667964840000,44.90,45.20,44.80,45.20,18342.00000000,1667964899999,823202.70,4,0.00000000,0.00,0
297,1667964900000,45.20,45.20,45.20,45.20,0.00000000,1667964959999,0.00,0,0.00000000,0.00,0
298,1667964960000,45.30,45.30,45.30,45.30,6022.00000000,1667965019999,272796.60,1,6022.00000000,272796.60,0
299,1667965020000,45.00,45.00,45.00,45.00,5000.00000000,1667965079999,225000.00,1,5000.00000000,225000.00,0
300,1667965080000,45.00,45.00,45.00,45.00,113507.00000000,1667965139999,5107815.00,3,95438.00000000,4294710.00,0
301,1667965140000,44.80,44.80,44.70,44.80,303095.00000000,1667965199999,13571094.80,10,135645.00000000,6076896.00,0
302,1667965200000,44.80,44.80,44.80,44.80,0.00000000,1667965259999,0.00,0,0.00000000,0.00,0
303,1667965260000,44.80,44.80,44.50,44.50,97053.00000000,1667965319999,4333622.00,6,0.00000000,0.00,0
304,1667965320000,44.50,44.50,44.50,44.50,0.00000000,1667965379999,0.00,0,0.00000000,0.00,0
305,1667965380000,44.60,44.60,44.60,44.60,4469.00000000,1667965439999,199317.40,1,0.00000000,0.00,0
306,1667965440000,44.60,44.60,44.60,44.60,0.00000000,1667965499999,0.00,0,0.00000000,0.00,0
307,1667965500000,44.60,44.60,44.60,44.60,0.00000000,1667965559999,0.00,0,0.00000000,0.00,0
308,1667965560000,44.60,44.60,44.60,44.60,0.00000000,1667965619999,0.00,0,0.00000000,0.00,0
309,1667965620000,44.60,44.60,44.60,44.60,0.00000000,1667965679999,0.00,0,0.00000000,0.00,0
310,1667965680000,44.60,44.60,44.60,44.60,0.00000000,1667965739999,0.00,0,0.00000000,0.00,0
311,1667965740000,44.60,44.60,44.60,44.60,0.00000000,1667965799999,0.00,0,0.00000000,0.00,0
312,1667965800000,44.60,44.60,44.60,44.60,0.00000000,1667965859999,0.00,0,0.00000000,0.00,0
313,1667965860000,44.60,44.60,44.60,44.60,0.00000000,1667965919999,0.00,0,0.00000000,0.00,0
314,1667965920000,45.30,45.80,45.30,45.80,2364.00000000,1667965979999,107911.20,4,2364.00000000,107911.20,0
315,1667965980000,45.80,45.80,45.80,45.80,0.00000000,1667966039999,0.00,0,0.00000000,0.00,0
316,1667966040000,45.80,45.80,45.80,45.80,0.00000000,1667966099999,0.00,0,0.00000000,0.00,0
317,1667966100000,45.80,45.80,45.80,45.80,0.00000000,1667966159999,0.00,0,0.00000000,0.00,0
318,1667966160000,45.60,45.60,45.60,45.60,1235.00000000,1667966219999,56316.00,1,1235.00000000,56316.00,0
319,1667966220000,45.60,45.60,45.60,45.60,0.00000000,1667966279999,0.00,0,0.00000000,0.00,0
320,1667966280000,45.60,45.60,45.60,45.60,2816.00000000,1667966339999,128409.60,1,2816.00000000,128409.60,0
321,1667966340000,45.20,45.20,45.20,45.20,35449.00000000,1667966399999,1602294.80,1,35449.00000000,1602294.80,0
322,1667966400000,45.20,45.20,45.20,45.20,0.00000000,1667966459999,0.00,0,0.00000000,0.00,0
323,1667966460000,45.20,45.20,45.20,45.20,2212.00000000,1667966519999,99982.40,1,0.00000000,0.00,0
324,1667966520000,45.20,45.20,45.20,45.20,0.00000000,1667966579999,0.00,0,0.00000000,0.00,0
325,1667966580000,45.20,45.20,45.20,45.20,13646.00000000,1667966639999,616799.20,1,13646.00000000,616799.20,0
326,1667966640000,45.20,45.20,45.20,45.20,0.00000000,1667966699999,0.00,0,0.00000000,0.00,0
327,1667966700000,45.20,45.20,45.20,45.20,0.00000000,1667966759999,0.00,0,0.00000000,0.00,0
328,1667966760000,45.00,45.10,44.80,45.10,33240.00000000,1667966819999,1497953.40,3,29038.00000000,1309613.80,0
329,1667966820000,45.10,45.10,45.10,45.10,0.00000000,1667966879999,0.00,0,0.00000000,0.00,0
330,1667966880000,45.10,45.10,45.10,45.10,0.00000000,1667966939999,0.00,0,0.00000000,0.00,0
331,1667966940000,45.10,45.10,45.10,45.10,0.00000000,1667966999999,0.00,0,0.00000000,0.00,0
332,1667967000000,45.10,45.10,45.10,45.10,0.00000000,1667967059999,0.00,0,0.00000000,0.00,0
333,1667967060000,45.10,45.10,45.10,45.10,0.00000000,1667967119999,0.00,0,0.00000000,0.00,0
334,1667967120000,45.10,45.10,45.10,45.10,0.00000000,1667967179999,0.00,0,0.00000000,0.00,0
335,1667967180000,45.10,45.10,45.10,45.10,0.00000000,1667967239999,0.00,0,0.00000000,0.00,0
336,1667967240000,45.10,45.10,45.10,45.10,0.00000000,1667967299999,0.00,0,0.00000000,0.00,0
337,1667967300000,45.20,45.20,45.20,45.20,4028.00000000,1667967359999,182065.60,1,4028.00000000,182065.60,0
338,1667967360000,45.20,45.20,45.20,45.20,0.00000000,1667967419999,0.00,0,0.00000000,0.00,0
339,1667967420000,45.20,45.20,45.10,45.10,34641.00000000,1667967479999,1562359.10,2,0.00000000,0.00,0
340,1667967480000,45.10,45.10,45.10,45.10,1475.00000000,1667967539999,66522.50,2,0.00000000,0.00,0
341,1667967540000,45.10,45.10,45.10,45.10,0.00000000,1667967599999,0.00,0,0.00000000,0.00,0
342,1667967600000,45.10,45.10,45.10,45.10,0.00000000,1667967659999,0.00,0,0.00000000,0.00,0
343,1667967660000,45.10,45.10,45.10,45.10,0.00000000,1667967719999,0.00,0,0.00000000,0.00,0
344,1667967720000,45.10,45.10,45.10,45.10,0.00000000,1667967779999,0.00,0,0.00000000,0.00,0
345,1667967780000,45.10,45.10,45.10,45.10,0.00000000,1667967839999,0.00,0,0.00000000,0.00,0
346,1667967840000,45.10,45.10,45.10,45.10,0.00000000,1667967899999,0.00,0,0.00000000,0.00,0
347,1667967900000,45.10,45.10,45.10,45.10,0.00000000,1667967959999,0.00,0,0.00000000,0.00,0
348,1667967960000,45.20,45.20,45.20,45.20,11061.00000000,1667968019999,499957.20,1,0.00000000,0.00,0
349,1667968020000,45.20,45.20,45.20,45.20,0.00000000,1667968079999,0.00,0,0.00000000,0.00,0
350,1667968080000,45.50,45.50,45.50,45.50,16177.00000000,1667968139999,736053.50,2,16177.00000000,736053.50,0
351,1667968140000,45.50,45.70,45.40,45.70,21321.00000000,1667968199999,972879.70,3,15622.00000000,713925.40,0
352,1667968200000,45.70,45.70,45.70,45.70,0.00000000,1667968259999,0.00,0,0.00000000,0.00,0
353,1667968260000,45.70,45.70,45.70,45.70,0.00000000,1667968319999,0.00,0,0.00000000,0.00,0
354,1667968320000,45.70,45.70,45.70,45.70,0.00000000,1667968379999,0.00,0,0.00000000,0.00,0
355,1667968380000,45.70,45.70,45.70,45.70,0.00000000,1667968439999,0.00,0,0.00000000,0.00,0
356,1667968440000,45.70,45.70,45.70,45.70,0.00000000,1667968499999,0.00,0,0.00000000,0.00,0
357,1667968500000,45.30,45.30,45.30,45.30,2173.00000000,1667968559999,98436.90,1,0.00000000,0.00,0
358,1667968560000,45.30,45.30,45.30,45.30,0.00000000,1667968619999,0.00,0,0.00000000,0.00,0
359,1667968620000,46.00,46.10,45.50,45.50,1216.00000000,1667968679999,55742.60,3,766.00000000,35267.60,0
360,1667968680000,45.50,45.50,45.30,45.30,5991.00000000,1667968739999,271854.30,2,0.00000000,0.00,0
361,1667968740000,45.30,45.30,45.30,45.30,0.00000000,1667968799999,0.00,0,0.00000000,0.00,0
362,1667968800000,45.10,45.10,45.10,45.10,1737.00000000,1667968859999,78338.70,2,0.00000000,0.00,0
363,1667968860000,45.10,45.10,45.10,45.10,0.00000000,1667968919999,0.00,0,0.00000000,0.00,0
364,1667968920000,45.10,45.10,45.10,45.10,0.00000000,1667968979999,0.00,0,0.00000000,0.00,0
365,1667968980000,45.10,45.10,45.10,45.10,0.00000000,1667969039999,0.00,0,0.00000000,0.00,0
366,1667969040000,45.10,45.10,45.10,45.10,0.00000000,1667969099999,0.00,0,0.00000000,0.00,0
367,1667969100000,45.10,45.10,45.10,45.10,0.00000000,1667969159999,0.00,0,0.00000000,0.00,0
368,1667969160000,45.10,45.10,45.10,45.10,0.00000000,1667969219999,0.00,0,0.00000000,0.00,0
369,1667969220000,45.10,45.10,45.10,45.10,0.00000000,1667969279999,0.00,0,0.00000000,0.00,0
370,1667969280000,45.10,45.10,45.10,45.10,0.00000000,1667969339999,0.00,0,0.00000000,0.00,0
371,1667969340000,45.10,45.10,45.10,45.10,0.00000000,1667969399999,0.00,0,0.00000000,0.00,0
372,1667969400000,45.90,45.90,45.90,45.90,9760.00000000,1667969459999,447984.00,1,9760.00000000,447984.00,0
373,1667969460000,45.50,45.60,45.50,45.60,4963.00000000,1667969519999,225987.30,2,4963.00000000,225987.30,0
374,1667969520000,45.60,45.60,45.60,45.60,0.00000000,1667969579999,0.00,0,0.00000000,0.00,0
375,1667969580000,45.30,45.30,45.30,45.30,30515.00000000,1667969639999,1382329.50,1,0.00000000,0.00,0
376,1667969640000,45.30,45.30,45.30,45.30,0.00000000,1667969699999,0.00,0,0.00000000,0.00,0
377,1667969700000,45.30,45.30,45.30,45.30,0.00000000,1667969759999,0.00,0,0.00000000,0.00,0
378,1667969760000,45.60,45.60,45.60,45.60,5368.00000000,1667969819999,244780.80,1,5368.00000000,244780.80,0
379,1667969820000,45.60,45.60,45.60,45.60,0.00000000,1667969879999,0.00,0,0.00000000,0.00,0
380,1667969880000,45.60,45.60,45.60,45.60,0.00000000,1667969939999,0.00,0,0.00000000,0.00,0
381,1667969940000,45.60,45.60,45.60,45.60,1315.00000000,1667969999999,59964.00,1,1315.00000000,59964.00,0
382,1667970000000,45.60,45.60,45.60,45.60,0.00000000,1667970059999,0.00,0,0.00000000,0.00,0
383,1667970060000,45.60,45.60,45.60,45.60,0.00000000,1667970119999,0.00,0,0.00000000,0.00,0
384,1667970120000,45.60,45.60,45.60,45.60,0.00000000,1667970179999,0.00,0,0.00000000,0.00,0
385,1667970180000,45.60,45.60,45.60,45.60,0.00000000,1667970239999,0.00,0,0.00000000,0.00,0
386,1667970240000,45.60,45.60,45.60,45.60,0.00000000,1667970299999,0.00,0,0.00000000,0.00,0
387,1667970300000,45.60,45.60,45.60,45.60,0.00000000,1667970359999,0.00,0,0.00000000,0.00,0
388,1667970360000,45.60,45.60,45.60,45.60,0.00000000,1667970419999,0.00,0,0.00000000,0.00,0
389,1667970420000,45.20,45.20,45.10,45.10,37098.00000000,1667970479999,1676493.80,4,0.00000000,0.00,0
390,1667970480000,45.10,45.10,45.10,45.10,0.00000000,1667970539999,0.00,0,0.00000000,0.00,0
391,1667970540000,45.10,45.10,45.00,45.10,91264.00000000,1667970599999,4109036.70,12,0.00000000,0.00,0
392,1667970600000,45.30,45.30,45.30,45.30,2435.00000000,1667970659999,110305.50,2,0.00000000,0.00,0
393,1667970660000,44.80,44.80,44.80,44.80,181253.00000000,1667970719999,8120134.40,2,6122.00000000,274265.60,0
394,1667970720000,44.80,44.80,44.80,44.80,0.00000000,1667970779999,0.00,0,0.00000000,0.00,0
395,1667970780000,44.80,44.80,44.80,44.80,0.00000000,1667970839999,0.00,0,0.00000000,0.00,0
396,1667970840000,44.80,44.80,44.80,44.80,0.00000000,1667970899999,0.00,0,0.00000000,0.00,0
397,1667970900000,44.80,44.80,44.80,44.80,0.00000000,1667970959999,0.00,0,0.00000000,0.00,0
398,1667970960000,44.80,44.80,44.80,44.80,0.00000000,1667971019999,0.00,0,0.00000000,0.00,0
399,1667971020000,44.80,44.80,44.80,44.80,0.00000000,1667971079999,0.00,0,0.00000000,0.00,0
400,1667971080000,44.80,44.80,44.80,44.80,0.00000000,1667971139999,0.00,0,0.00000000,0.00,0
401,1667971140000,45.00,45.00,45.00,45.00,459.00000000,1667971199999,20655.00,1,0.00000000,0.00,0
402,1667971200000,45.50,45.50,45.50,45.50,10536.00000000,1667971259999,479388.00,2,450.00000000,20475.00,0
403,1667971260000,45.50,45.50,45.50,45.50,0.00000000,1667971319999,0.00,0,0.00000000,0.00,0
404,1667971320000,45.50,45.50,45.50,45.50,0.00000000,1667971379999,0.00,0,0.00000000,0.00,0
405,1667971380000,45.50,45.50,45.50,45.50,0.00000000,1667971439999,0.00,0,0.00000000,0.00,0
406,1667971440000,45.50,45.50,45.50,45.50,0.00000000,1667971499999,0.00,0,0.00000000,0.00,0
407,1667971500000,45.50,45.50,45.50,45.50,0.00000000,1667971559999,0.00,0,0.00000000,0.00,0
408,1667971560000,45.50,45.50,45.50,45.50,0.00000000,1667971619999,0.00,0,0.00000000,0.00,0
409,1667971620000,45.50,45.50,45.50,45.50,0.00000000,1667971679999,0.00,0,0.00000000,0.00,0
410,1667971680000,45.50,45.50,45.50,45.50,0.00000000,1667971739999,0.00,0,0.00000000,0.00,0
411,1667971740000,45.60,46.20,45.60,46.20,1086.00000000,1667971799999,49813.20,3,1086.00000000,49813.20,0
412,1667971800000,46.20,46.20,46.20,46.20,0.00000000,1667971859999,0.00,0,0.00000000,0.00,0
413,1667971860000,45.80,45.80,45.50,45.50,6241.00000000,1667971919999,284234.60,3,897.00000000,41082.60,0
414,1667971920000,45.50,45.50,45.50,45.50,0.00000000,1667971979999,0.00,0,0.00000000,0.00,0
415,1667971980000,45.50,45.50,45.50,45.50,0.00000000,1667972039999,0.00,0,0.00000000,0.00,0
416,1667972040000,45.50,45.50,45.50,45.50,0.00000000,1667972099999,0.00,0,0.00000000,0.00,0
417,1667972100000,45.50,45.50,45.50,45.50,0.00000000,1667972159999,0.00,0,0.00000000,0.00,0
418,1667972160000,45.50,45.50,45.50,45.50,461.00000000,1667972219999,20975.50,1,461.00000000,20975.50,0
419,1667972220000,45.50,45.50,45.50,45.50,0.00000000,1667972279999,0.00,0,0.00000000,0.00,0
420,1667972280000,45.50,45.50,45.50,45.50,0.00000000,1667972339999,0.00,0,0.00000000,0.00,0
421,1667972340000,45.50,45.50,45.50,45.50,0.00000000,1667972399999,0.00,0,0.00000000,0.00,0
422,1667972400000,45.50,45.50,45.50,45.50,0.00000000,1667972459999,0.00,0,0.00000000,0.00,0
423,1667972460000,45.50,45.50,45.50,45.50,0.00000000,1667972519999,0.00,0,0.00000000,0.00,0
424,1667972520000,45.50,45.50,45.50,45.50,0.00000000,1667972579999,0.00,0,0.00000000,0.00,0
425,1667972580000,45.50,45.50,45.50,45.50,0.00000000,1667972639999,0.00,0,0.00000000,0.00,0
426,1667972640000,45.50,45.50,45.50,45.50,0.00000000,1667972699999,0.00,0,0.00000000,0.00,0
427,1667972700000,45.50,45.50,45.50,45.50,0.00000000,1667972759999,0.00,0,0.00000000,0.00,0
428,1667972760000,46.00,46.20,46.00,46.20,7138.00000000,1667972819999,329685.60,2,7138.00000000,329685.60,0
429,1667972820000,46.20,46.20,46.20,46.20,0.00000000,1667972879999,0.00,0,0.00000000,0.00,0
430,1667972880000,45.90,45.90,45.90,45.90,69416.00000000,1667972939999,3186194.40,2,69416.00000000,3186194.40,0
431,1667972940000,45.90,45.90,45.90,45.90,0.00000000,1667972999999,0.00,0,0.00000000,0.00,0
432,1667973000000,45.90,45.90,45.90,45.90,0.00000000,1667973059999,0.00,0,0.00000000,0.00,0
433,1667973060000,45.90,45.90,45.90,45.90,0.00000000,1667973119999,0.00,0,0.00000000,0.00,0
434,1667973120000,45.80,45.80,45.80,45.80,23570.00000000,1667973179999,1079506.00,2,23570.00000000,1079506.00,0
435,1667973180000,45.80,45.80,45.80,45.80,0.00000000,1667973239999,0.00,0,0.00000000,0.00,0
436,1667973240000,45.80,45.80,45.80,45.80,0.00000000,1667973299999,0.00,0,0.00000000,0.00,0
437,1667973300000,45.80,45.80,45.80,45.80,0.00000000,1667973359999,0.00,0,0.00000000,0.00,0
438,1667973360000,45.80,45.80,45.80,45.80,0.00000000,1667973419999,0.00,0,0.00000000,0.00,0
439,1667973420000,45.80,45.80,45.80,45.80,0.00000000,1667973479999,0.00,0,0.00000000,0.00,0
440,1667973480000,45.80,45.80,45.80,45.80,0.00000000,1667973539999,0.00,0,0.00000000,0.00,0
441,1667973540000,45.80,45.80,45.80,45.80,0.00000000,1667973599999,0.00,0,0.00000000,0.00,0
442,1667973600000,45.80,45.80,45.80,45.80,4721.00000000,1667973659999,216221.80,2,0.00000000,0.00,0
443,1667973660000,45.70,45.70,45.70,45.70,1507.00000000,1667973719999,68869.90,1,0.00000000,0.00,0
444,1667973720000,45.70,45.70,45.70,45.70,0.00000000,1667973779999,0.00,0,0.00000000,0.00,0
445,1667973780000,45.80,45.80,45.80,45.80,81608.00000000,1667973839999,3737646.40,2,0.00000000,0.00,0
446,1667973840000,45.80,45.80,45.80,45.80,0.00000000,1667973899999,0.00,0,0.00000000,0.00,0
447,1667973900000,45.80,45.80,45.80,45.80,0.00000000,1667973959999,0.00,0,0.00000000,0.00,0
448,1667973960000,45.80,45.80,45.80,45.80,0.00000000,1667974019999,0.00,0,0.00000000,0.00,0
449,1667974020000,45.80,45.80,45.80,45.80,0.00000000,1667974079999,0.00,0,0.00000000,0.00,0
450,1667974080000,45.80,45.80,45.80,45.80,0.00000000,1667974139999,0.00,0,0.00000000,0.00,0
451,1667974140000,45.80,45.80,45.80,45.80,0.00000000,1667974199999,0.00,0,0.00000000,0.00,0
452,1667974200000,45.80,45.80,45.80,45.80,0.00000000,1667974259999,0.00,0,0.00000000,0.00,0
453,1667974260000,45.80,45.80,45.80,45.80,0.00000000,1667974319999,0.00,0,0.00000000,0.00,0
454,1667974320000,45.80,45.80,45.80,45.80,0.00000000,1667974379999,0.00,0,0.00000000,0.00,0
455,1667974380000,45.80,45.80,45.80,45.80,0.00000000,1667974439999,0.00,0,0.00000000,0.00,0
456,1667974440000,45.80,45.80,45.80,45.80,0.00000000,1667974499999,0.00,0,0.00000000,0.00,0
457,1667974500000,45.80,45.80,45.80,45.80,0.00000000,1667974559999,0.00,0,0.00000000,0.00,0
458,1667974560000,46.20,46.20,46.20,46.20,1078.00000000,1667974619999,49803.60,1,1078.00000000,49803.60,0
459,1667974620000,46.20,46.20,45.90,45.90,43147.00000000,1667974679999,1980609.00,2,43147.00000000,1980609.00,0
460,1667974680000,45.90,45.90,45.90,45.90,0.00000000,1667974739999,0.00,0,0.00000000,0.00,0
461,1667974740000,45.90,45.90,45.90,45.90,0.00000000,1667974799999,0.00,0,0.00000000,0.00,0
462,1667974800000,45.90,45.90,45.90,45.90,0.00000000,1667974859999,0.00,0,0.00000000,0.00,0
463,1667974860000,45.50,45.50,45.50,45.50,1109.00000000,1667974919999,50459.50,2,0.00000000,0.00,0
464,1667974920000,45.50,45.50,45.50,45.50,0.00000000,1667974979999,0.00,0,0.00000000,0.00,0
465,1667974980000,45.50,45.50,45.50,45.50,0.00000000,1667975039999,0.00,0,0.00000000,0.00,0
466,1667975040000,45.40,45.40,45.40,45.40,10769.00000000,1667975099999,488912.60,1,10769.00000000,488912.60,0
467,1667975100000,45.40,45.40,45.40,45.40,18759.00000000,1667975159999,851658.60,2,1041.00000000,47261.40,0
468,1667975160000,45.40,45.40,45.40,45.40,0.00000000,1667975219999,0.00,0,0.00000000,0.00,0
469,1667975220000,45.40,45.40,45.40,45.40,0.00000000,1667975279999,0.00,0,0.00000000,0.00,0
470,1667975280000,45.50,45.50,45.50,45.50,6593.00000000,1667975339999,299981.50,1,6593.00000000,299981.50,0
471,1667975340000,45.50,45.50,45.50,45.50,6593.00000000,1667975399999,299981.50,1,0.00000000,0.00,0
472,1667975400000,45.50,45.50,45.50,45.50,2356.00000000,1667975459999,107198.00,1,0.00000000,0.00,0
473,1667975460000,45.70,45.70,45.70,45.70,1428.00000000,1667975519999,65259.60,1,1428.00000000,65259.60,0
474,1667975520000,45.70,45.70,45.70,45.70,14937.00000000,1667975579999,682620.90,1,14937.00000000,682620.90,0
475,1667975580000,45.70,45.70,45.70,45.70,12880.00000000,1667975639999,588616.00,1,0.00000000,0.00,0
476,1667975640000,45.70,45.70,45.70,45.70,0.00000000,1667975699999,0.00,0,0.00000000,0.00,0
477,1667975700000,45.70,45.70,45.70,45.70,0.00000000,1667975759999,0.00,0,0.00000000,0.00,0
478,1667975760000,45.70,45.70,45.70,45.70,0.00000000,1667975819999,0.00,0,0.00000000,0.00,0
479,1667975820000,45.70,45.70,45.70,45.70,0.00000000,1667975879999,0.00,0,0.00000000,0.00,0
480,1667975880000,45.70,45.70,45.70,45.70,0.00000000,1667975939999,0.00,0,0.00000000,0.00,0
481,1667975940000,45.80,45.80,45.80,45.80,2183.00000000,1667975999999,99981.40,1,2183.00000000,99981.40,0
482,1667976000000,45.80,45.80,45.80,45.80,0.00000000,1667976059999,0.00,0,0.00000000,0.00,0
483,1667976060000,45.80,45.80,45.70,45.70,43668.00000000,1667976119999,1997811.00,2,0.00000000,0.00,0
484,1667976120000,45.70,45.70,45.70,45.70,0.00000000,1667976179999,0.00,0,0.00000000,0.00,0
485,1667976180000,45.70,45.70,45.70,45.70,0.00000000,1667976239999,0.00,0,0.00000000,0.00,0
486,1667976240000,46.00,46.00,46.00,46.00,450.00000000,1667976299999,20700.00,1,450.00000000,20700.00,0
487,1667976300000,46.00,46.00,46.00,46.00,0.00000000,1667976359999,0.00,0,0.00000000,0.00,0
488,1667976360000,46.20,46.20,46.20,46.20,4333.00000000,1667976419999,200184.60,1,4333.00000000,200184.60,0
489,1667976420000,46.20,46.20,46.20,46.20,0.00000000,1667976479999,0.00,0,0.00000000,0.00,0
490,1667976480000,46.20,46.20,46.20,46.20,0.00000000,1667976539999,0.00,0,0.00000000,0.00,0
491,1667976540000,46.20,46.20,46.20,46.20,0.00000000,1667976599999,0.00,0,0.00000000,0.00,0
492,1667976600000,46.20,46.20,46.20,46.20,971.00000000,1667976659999,44860.20,1,971.00000000,44860.20,0
493,1667976660000,46.20,46.20,46.20,46.20,0.00000000,1667976719999,0.00,0,0.00000000,0.00,0
494,1667976720000,45.90,46.00,45.90,45.90,113133.00000000,1667976779999,5197187.80,3,0.00000000,0.00,0
495,1667976780000,45.90,45.90,45.90,45.90,0.00000000,1667976839999,0.00,0,0.00000000,0.00,0
496,1667976840000,45.90,45.90,45.90,45.90,0.00000000,1667976899999,0.00,0,0.00000000,0.00,0
497,1667976900000,45.90,45.90,45.90,45.90,0.00000000,1667976959999,0.00,0,0.00000000,0.00,0
498,1667976960000,45.90,45.90,45.90,45.90,0.00000000,1667977019999,0.00,0,0.00000000,0.00,0
499,1667977020000,45.90,45.90,45.90,45.90,0.00000000,1667977079999,0.00,0,0.00000000,0.00,0
500,1667977080000,45.80,45.80,45.80,45.80,35113.00000000,1667977139999,1608175.40,1,0.00000000,0.00,0
501,1667977140000,45.70,45.70,45.70,45.70,83542.00000000,1667977199999,3817869.40,3,0.00000000,0.00,0
502,1667977200000,45.70,45.70,45.70,45.70,44103.00000000,1667977259999,2015507.10,1,0.00000000,0.00,0
503,1667977260000,45.70,45.70,45.70,45.70,0.00000000,1667977319999,0.00,0,0.00000000,0.00,0
504,1667977320000,45.70,45.70,45.70,45.70,0.00000000,1667977379999,0.00,0,0.00000000,0.00,0
505,1667977380000,45.70,45.70,45.70,45.70,0.00000000,1667977439999,0.00,0,0.00000000,0.00,0
506,1667977440000,45.70,45.70,45.70,45.70,0.00000000,1667977499999,0.00,0,0.00000000,0.00,0
507,1667977500000,45.70,45.70,45.70,45.70,0.00000000,1667977559999,0.00,0,0.00000000,0.00,0
508,1667977560000,45.70,45.70,45.70,45.70,0.00000000,1667977619999,0.00,0,0.00000000,0.00,0
509,1667977620000,45.80,45.80,45.80,45.80,42553.00000000,1667977679999,1948927.40,1,42553.00000000,1948927.40,0
510,1667977680000,45.80,45.80,45.80,45.80,0.00000000,1667977739999,0.00,0,0.00000000,0.00,0
511,1667977740000,45.80,45.80,45.80,45.80,0.00000000,1667977799999,0.00,0,0.00000000,0.00,0
512,1667977800000,45.80,45.80,45.80,45.80,0.00000000,1667977859999,0.00,0,0.00000000,0.00,0
513,1667977860000,45.80,45.80,45.80,45.80,0.00000000,1667977919999,0.00,0,0.00000000,0.00,0
514,1667977920000,45.80,45.80,45.80,45.80,1168.00000000,1667977979999,53494.40,1,1168.00000000,53494.40,0
515,1667977980000,45.80,45.80,45.80,45.80,0.00000000,1667978039999,0.00,0,0.00000000,0.00,0
516,1667978040000,45.80,45.80,45.80,45.80,2849.00000000,1667978099999,130484.20,1,2849.00000000,130484.20,0
517,1667978100000,45.80,45.80,45.70,45.70,30004.00000000,1667978159999,1372754.50,3,15717.00000000,719838.60,0
518,1667978160000,45.70,45.70,45.70,45.70,0.00000000,1667978219999,0.00,0,0.00000000,0.00,0
519,1667978220000,45.70,45.70,45.70,45.70,0.00000000,1667978279999,0.00,0,0.00000000,0.00,0
520,1667978280000,45.80,45.80,45.80,45.80,82032.00000000,1667978339999,3757065.60,2,0.00000000,0.00,0
521,1667978340000,45.80,45.80,45.80,45.80,0.00000000,1667978399999,0.00,0,0.00000000,0.00,0
522,1667978400000,45.80,45.80,45.80,45.80,0.00000000,1667978459999,0.00,0,0.00000000,0.00,0
523,1667978460000,45.90,45.90,45.90,45.90,610.00000000,1667978519999,27999.00,1,610.00000000,27999.00,0
524,1667978520000,45.90,45.90,45.90,45.90,0.00000000,1667978579999,0.00,0,0.00000000,0.00,0
525,1667978580000,45.90,45.90,45.90,45.90,0.00000000,1667978639999,0.00,0,0.00000000,0.00,0
526,1667978640000,45.90,45.90,45.90,45.90,0.00000000,1667978699999,0.00,0,0.00000000,0.00,0
527,1667978700000,45.90,45.90,45.90,45.90,0.00000000,1667978759999,0.00,0,0.00000000,0.00,0
528,1667978760000,45.90,45.90,45.90,45.90,1089.00000000,1667978819999,49985.10,1,1089.00000000,49985.10,0
529,1667978820000,45.90,45.90,45.90,45.90,440.00000000,1667978879999,20196.00,1,440.00000000,20196.00,0
530,1667978880000,45.90,45.90,45.90,45.90,0.00000000,1667978939999,0.00,0,0.00000000,0.00,0
531,1667978940000,45.90,45.90,45.90,45.90,0.00000000,1667978999999,0.00,0,0.00000000,0.00,0
532,1667979000000,45.90,45.90,45.90,45.90,0.00000000,1667979059999,0.00,0,0.00000000,0.00,0
533,1667979060000,45.90,45.90,45.90,45.90,0.00000000,1667979119999,0.00,0,0.00000000,0.00,0
534,1667979120000,45.90,45.90,45.90,45.90,0.00000000,1667979179999,0.00,0,0.00000000,0.00,0
535,1667979180000,45.90,45.90,45.90,45.90,0.00000000,1667979239999,0.00,0,0.00000000,0.00,0
536,1667979240000,45.90,45.90,45.90,45.90,0.00000000,1667979299999,0.00,0,0.00000000,0.00,0
537,1667979300000,45.60,45.60,45.60,45.60,17680.00000000,1667979359999,806208.00,1,0.00000000,0.00,0
538,1667979360000,45.60,45.60,45.60,45.60,12617.00000000,1667979419999,575335.20,2,0.00000000,0.00,0
539,1667979420000,45.50,45.50,45.40,45.40,3717.00000000,1667979479999,168796.80,2,0.00000000,0.00,0
540,1667979480000,45.40,45.40,45.40,45.40,0.00000000,1667979539999,0.00,0,0.00000000,0.00,0
541,1667979540000,45.40,45.40,45.40,45.40,0.00000000,1667979599999,0.00,0,0.00000000,0.00,0
542,1667979600000,45.40,45.40,45.40,45.40,0.00000000,1667979659999,0.00,0,0.00000000,0.00,0
543,1667979660000,45.40,45.40,45.40,45.40,0.00000000,1667979719999,0.00,0,0.00000000,0.00,0
544,1667979720000,45.10,45.10,45.00,45.00,205758.00000000,1667979779999,9276441.00,5,0.00000000,0.00,0
545,1667979780000,45.00,45.00,45.00,45.00,0.00000000,1667979839999,0.00,0,0.00000000,0.00,0
546,1667979840000,45.00,45.00,45.00,45.00,0.00000000,1667979899999,0.00,0,0.00000000,0.00,0
547,1667979900000,45.00,45.00,45.00,45.00,0.00000000,1667979959999,0.00,0,0.00000000,0.00,0
548,1667979960000,45.00,45.00,45.00,45.00,0.00000000,1667980019999,0.00,0,0.00000000,0.00,0
549,1667980020000,45.00,45.00,45.00,45.00,0.00000000,1667980079999,0.00,0,0.00000000,0.00,0
550,1667980080000,45.00,45.00,45.00,45.00,0.00000000,1667980139999,0.00,0,0.00000000,0.00,0
551,1667980140000,45.00,45.00,45.00,45.00,0.00000000,1667980199999,0.00,0,0.00000000,0.00,0
552,1667980200000,45.00,45.00,45.00,45.00,0.00000000,1667980259999,0.00,0,0.00000000,0.00,0
553,1667980260000,45.50,45.80,45.50,45.80,494.00000000,1667980319999,22490.20,2,494.00000000,22490.20,0
554,1667980320000,45.40,45.40,45.40,45.40,32752.00000000,1667980379999,1486940.80,1,32752.00000000,1486940.80,0
555,1667980380000,45.30,45.30,45.30,45.30,660.00000000,1667980439999,29898.00,1,660.00000000,29898.00,0
556,1667980440000,45.20,45.20,45.20,45.20,4322.00000000,1667980499999,195354.40,1,4322.00000000,195354.40,0
557,1667980500000,45.20,45.20,45.20,45.20,0.00000000,1667980559999,0.00,0,0.00000000,0.00,0
558,1667980560000,45.30,45.30,45.30,45.30,220750.00000000,1667980619999,9999975.00,2,220750.00000000,9999975.00,0
559,1667980620000,45.10,45.10,45.10,45.10,1865.00000000,1667980679999,84111.50,1,1865.00000000,84111.50,0
560,1667980680000,45.10,45.10,45.10,45.10,0.00000000,1667980739999,0.00,0,0.00000000,0.00,0
561,1667980740000,45.10,45.10,45.10,45.10,2356.00000000,1667980799999,106255.60,1,2356.00000000,106255.60,0
562,1667980800000,45.10,45.10,45.10,45.10,0.00000000,1667980859999,0.00,0,0.00000000,0.00,0
563,1667980860000,45.10,45.10,45.10,45.10,0.00000000,1667980919999,0.00,0,0.00000000,0.00,0
564,1667980920000,45.10,45.10,44.90,44.90,198505.00000000,1667980979999,8928220.90,7,0.00000000,0.00,0
565,1667980980000,45.40,45.40,45.40,45.40,450.00000000,1667981039999,20430.00,1,450.00000000,20430.00,0
566,1667981040000,45.40,45.40,45.40,45.40,0.00000000,1667981099999,0.00,0,0.00000000,0.00,0
567,1667981100000,45.40,45.40,45.40,45.40,0.00000000,1667981159999,0.00,0,0.00000000,0.00,0
568,1667981160000,44.80,44.80,44.70,44.70,26321.00000000,1667981219999,1178780.80,2,0.00000000,0.00,0
569,1667981220000,44.70,44.70,44.70,44.70,0.00000000,1667981279999,0.00,0,0.00000000,0.00,0
570,1667981280000,44.70,44.70,44.70,44.70,0.00000000,1667981339999,0.00,0,0.00000000,0.00,0
571,1667981340000,44.70,44.70,44.70,44.70,0.00000000,1667981399999,0.00,0,0.00000000,0.00,0
572,1667981400000,44.70,44.70,44.70,44.70,0.00000000,1667981459999,0.00,0,0.00000000,0.00,0
573,1667981460000,44.70,44.70,44.70,44.70,14611.00000000,1667981519999,653111.70,1,0.00000000,0.00,0
574,1667981520000,44.50,44.50,44.50,44.50,69159.00000000,1667981579999,3077575.50,5,0.00000000,0.00,0
575,1667981580000,44.30,44.30,44.30,44.30,50953.00000000,1667981639999,2257217.90,3,0.00000000,0.00,0
576,1667981640000,44.30,44.30,44.30,44.30,28053.00000000,1667981699999,1242747.90,2,0.00000000,0.00,0
577,1667981700000,44.30,44.30,44.30,44.30,0.00000000,1667981759999,0.00,0,0.00000000,0.00,0
578,1667981760000,44.30,44.30,44.30,44.30,0.00000000,1667981819999,0.00,0,0.00000000,0.00,0
579,1667981820000,44.30,44.30,44.30,44.30,0.00000000,1667981879999,0.00,0,0.00000000,0.00,0
580,1667981880000,44.30,44.30,44.30,44.30,0.00000000,1667981939999,0.00,0,0.00000000,0.00,0
581,1667981940000,44.30,44.30,44.30,44.30,0.00000000,1667981999999,0.00,0,0.00000000,0.00,0
582,1667982000000,44.30,44.30,44.30,44.30,3968.00000000,1667982059999,175782.40,1,0.00000000,0.00,0
583,1667982060000,44.30,44.30,44.30,44.30,0.00000000,1667982119999,0.00,0,0.00000000,0.00,0
584,1667982120000,44.30,44.30,44.30,44.30,0.00000000,1667982179999,0.00,0,0.00000000,0.00,0
585,1667982180000,44.30,44.30,44.30,44.30,0.00000000,1667982239999,0.00,0,0.00000000,0.00,0
586,1667982240000,44.30,44.30,44.10,44.10,81442.00000000,1667982299999,3602989.80,5,0.00000000,0.00,0
587,1667982300000,44.10,44.10,44.10,44.10,0.00000000,1667982359999,0.00,0,0.00000000,0.00,0
588,1667982360000,44.10,44.10,44.10,44.10,0.00000000,1667982419999,0.00,0,0.00000000,0.00,0
589,1667982420000,44.10,44.10,44.10,44.10,0.00000000,1667982479999,0.00,0,0.00000000,0.00,0
590,1667982480000,44.10,44.10,44.10,44.10,0.00000000,1667982539999,0.00,0,0.00000000,0.00,0
591,1667982540000,44.10,44.10,44.10,44.10,0.00000000,1667982599999,0.00,0,0.00000000,0.00,0
592,1667982600000,44.10,44.10,44.10,44.10,0.00000000,1667982659999,0.00,0,0.00000000,0.00,0
593,1667982660000,44.10,44.10,44.10,44.10,2950.00000000,1667982719999,130095.00,1,0.00000000,0.00,0
594,1667982720000,44.10,44.10,44.10,44.10,0.00000000,1667982779999,0.00,0,0.00000000,0.00,0
595,1667982780000,44.20,44.20,44.10,44.10,415388.00000000,1667982839999,18322403.30,8,452.00000000,19978.40,0
596,1667982840000,44.10,44.10,44.10,44.10,0.00000000,1667982899999,0.00,0,0.00000000,0.00,0
597,1667982900000,44.10,44.10,44.10,44.10,447410.00000000,1667982959999,19730781.00,9,0.00000000,0.00,0
598,1667982960000,44.10,44.10,44.10,44.10,0.00000000,1667983019999,0.00,0,0.00000000,0.00,0
599,1667983020000,44.10,44.10,44.00,44.00,104665.00000000,1667983079999,4611155.80,4,0.00000000,0.00,0
600,1667983080000,44.00,44.00,44.00,44.00,0.00000000,1667983139999,0.00,0,0.00000000,0.00,0
601,1667983140000,44.80,44.80,44.80,44.80,1112.00000000,1667983199999,49817.60,1,1112.00000000,49817.60,0
602,1667983200000,44.80,44.80,44.80,44.80,0.00000000,1667983259999,0.00,0,0.00000000,0.00,0
603,1667983260000,44.30,44.30,44.30,44.30,6772.00000000,1667983319999,299999.60,1,6772.00000000,299999.60,0
604,1667983320000,44.30,44.30,44.30,44.30,0.00000000,1667983379999,0.00,0,0.00000000,0.00,0
605,1667983380000,44.30,44.30,44.30,44.30,0.00000000,1667983439999,0.00,0,0.00000000,0.00,0
606,1667983440000,44.30,44.30,44.30,44.30,0.00000000,1667983499999,0.00,0,0.00000000,0.00,0
607,1667983500000,44.80,44.80,44.80,44.80,22321.00000000,1667983559999,999980.80,1,22321.00000000,999980.80,0
608,1667983560000,44.70,44.70,44.70,44.70,18420.00000000,1667983619999,823374.00,1,0.00000000,0.00,0
609,1667983620000,44.70,44.70,44.70,44.70,0.00000000,1667983679999,0.00,0,0.00000000,0.00,0
610,1667983680000,44.90,44.90,44.40,44.40,69381.00000000,1667983739999,3089810.40,3,4454.00000000,199984.60,0
611,1667983740000,44.40,44.40,44.40,44.40,0.00000000,1667983799999,0.00,0,0.00000000,0.00,0
612,1667983800000,44.40,44.40,44.40,44.40,0.00000000,1667983859999,0.00,0,0.00000000,0.00,0
613,1667983860000,44.30,44.30,44.30,44.30,734.00000000,1667983919999,32516.20,1,0.00000000,0.00,0
614,1667983920000,44.30,44.30,44.30,44.30,0.00000000,1667983979999,0.00,0,0.00000000,0.00,0
615,1667983980000,44.60,44.60,44.60,44.60,1005.00000000,1667984039999,44823.00,1,1005.00000000,44823.00,0
616,1667984040000,44.60,44.60,44.60,44.60,0.00000000,1667984099999,0.00,0,0.00000000,0.00,0
617,1667984100000,44.60,44.60,44.60,44.60,0.00000000,1667984159999,0.00,0,0.00000000,0.00,0
618,1667984160000,44.60,44.60,44.60,44.60,71748.00000000,1667984219999,3199960.80,2,71748.00000000,3199960.80,0
619,1667984220000,44.60,44.60,44.60,44.60,0.00000000,1667984279999,0.00,0,0.00000000,0.00,0
620,1667984280000,44.60,44.60,44.60,44.60,0.00000000,1667984339999,0.00,0,0.00000000,0.00,0
621,1667984340000,44.60,44.60,44.60,44.60,0.00000000,1667984399999,0.00,0,0.00000000,0.00,0
622,1667984400000,44.60,44.60,44.60,44.60,10993.00000000,1667984459999,490287.80,1,0.00000000,0.00,0
623,1667984460000,44.60,44.60,44.60,44.60,0.00000000,1667984519999,0.00,0,0.00000000,0.00,0
624,1667984520000,44.60,44.60,44.60,44.60,0.00000000,1667984579999,0.00,0,0.00000000,0.00,0
625,1667984580000,44.50,44.50,44.50,44.50,450.00000000,1667984639999,20025.00,1,450.00000000,20025.00,0
626,1667984640000,44.50,44.50,44.50,44.50,0.00000000,1667984699999,0.00,0,0.00000000,0.00,0
627,1667984700000,44.50,44.50,44.50,44.50,2422.00000000,1667984759999,107779.00,1,0.00000000,0.00,0
628,1667984760000,44.30,44.30,44.30,44.30,1523.00000000,1667984819999,67468.90,1,0.00000000,0.00,0
629,1667984820000,44.10,44.10,44.10,44.10,22675.00000000,1667984879999,999967.50,1,0.00000000,0.00,0
630,1667984880000,44.10,44.10,44.00,44.00,285504.00000000,1667984939999,12562248.40,14,724.00000000,31928.40,0
631,1667984940000,43.90,43.90,43.90,43.90,2331.00000000,1667984999999,102330.90,1,0.00000000,0.00,0
632,1667985000000,43.90,43.90,43.90,43.90,1564.00000000,1667985059999,68659.60,1,1564.00000000,68659.60,0
633,1667985060000,43.90,43.90,43.90,43.90,0.00000000,1667985119999,0.00,0,0.00000000,0.00,0
634,1667985120000,44.00,44.00,43.60,43.60,3186.00000000,1667985179999,140000.40,2,2727.00000000,119988.00,0
635,1667985180000,43.60,43.60,43.60,43.60,100000.00000000,1667985239999,4360000.00,2,0.00000000,0.00,0
636,1667985240000,44.00,44.00,44.00,44.00,1000.00000000,1667985299999,44000.00,2,1000.00000000,44000.00,0
637,1667985300000,44.00,44.00,44.00,44.00,0.00000000,1667985359999,0.00,0,0.00000000,0.00,0
638,1667985360000,43.90,43.90,43.90,43.90,567.00000000,1667985419999,24891.30,1,567.00000000,24891.30,0
639,1667985420000,43.70,43.70,43.70,43.70,2990.00000000,1667985479999,130663.00,1,0.00000000,0.00,0
640,1667985480000,43.60,43.70,43.50,43.50,48632.00000000,1667985539999,2122364.30,5,0.00000000,0.00,0
641,1667985540000,43.50,43.50,43.50,43.50,0.00000000,1667985599999,0.00,0,0.00000000,0.00,0
642,1667985600000,43.50,43.50,43.50,43.50,29577.00000000,1667985659999,1286599.50,2,29577.00000000,1286599.50,0
643,1667985660000,43.50,43.50,43.50,43.50,0.00000000,1667985719999,0.00,0,0.00000000,0.00,0
644,1667985720000,43.50,43.50,43.50,43.50,0.00000000,1667985779999,0.00,0,0.00000000,0.00,0
645,1667985780000,44.40,44.40,44.40,44.40,33033.00000000,1667985839999,1466665.20,1,33033.00000000,1466665.20,0
646,1667985840000,44.30,44.30,44.30,44.30,18912.00000000,1667985899999,837801.60,1,18912.00000000,837801.60,0
647,1667985900000,44.50,44.50,44.50,44.50,2359.00000000,1667985959999,104975.50,2,500.00000000,22250.00,0
648,1667985960000,44.30,44.30,44.30,44.30,4745.00000000,1667986019999,210203.50,2,0.00000000,0.00,0
649,1667986020000,44.00,44.00,44.00,44.00,3855.00000000,1667986079999,169620.00,1,0.00000000,0.00,0
650,1667986080000,44.00,44.00,44.00,44.00,0.00000000,1667986139999,0.00,0,0.00000000,0.00,0
651,1667986140000,44.00,44.00,44.00,44.00,0.00000000,1667986199999,0.00,0,0.00000000,0.00,0
652,1667986200000,44.00,44.00,43.60,43.60,120509.00000000,1667986259999,5285394.80,7,0.00000000,0.00,0
653,1667986260000,43.60,43.60,43.60,43.60,1839.00000000,1667986319999,80180.40,1,0.00000000,0.00,0
654,1667986320000,43.60,43.60,43.60,43.60,0.00000000,1667986379999,0.00,0,0.00000000,0.00,0
655,1667986380000,43.60,43.60,43.60,43.60,0.00000000,1667986439999,0.00,0,0.00000000,0.00,0
656,1667986440000,43.60,43.60,43.60,43.60,0.00000000,1667986499999,0.00,0,0.00000000,0.00,0
657,1667986500000,43.60,43.60,43.60,43.60,481.00000000,1667986559999,20971.60,1,0.00000000,0.00,0
658,1667986560000,43.60,43.60,43.60,43.60,0.00000000,1667986619999,0.00,0,0.00000000,0.00,0
659,1667986620000,43.60,43.60,43.60,43.60,0.00000000,1667986679999,0.00,0,0.00000000,0.00,0
660,1667986680000,43.60,43.60,43.60,43.60,0.00000000,1667986739999,0.00,0,0.00000000,0.00,0
661,1667986740000,43.50,43.50,43.50,43.50,11109.00000000,1667986799999,483241.50,4,0.00000000,0.00,0
662,1667986800000,43.20,43.60,43.10,43.10,258285.00000000,1667986859999,11135003.90,6,23461.00000000,1011169.10,0
663,1667986860000,43.10,43.10,43.10,43.10,0.00000000,1667986919999,0.00,0,0.00000000,0.00,0
664,1667986920000,43.20,43.20,43.10,43.10,24268.00000000,1667986979999,1046413.70,2,0.00000000,0.00,0
665,1667986980000,43.10,43.10,42.80,42.80,89058.00000000,1667987039999,3830493.20,7,0.00000000,0.00,0
666,1667987040000,42.80,42.80,42.80,42.80,0.00000000,1667987099999,0.00,0,0.00000000,0.00,0
667,1667987100000,42.80,42.80,42.80,42.80,0.00000000,1667987159999,0.00,0,0.00000000,0.00,0
668,1667987160000,42.80,42.80,42.80,42.80,0.00000000,1667987219999,0.00,0,0.00000000,0.00,0
669,1667987220000,42.80,42.80,42.80,42.80,0.00000000,1667987279999,0.00,0,0.00000000,0.00,0
670,1667987280000,42.80,42.80,42.80,42.80,234121.00000000,1667987339999,10020378.80,4,0.00000000,0.00,0
671,1667987340000,42.90,42.90,42.80,42.80,1000.00000000,1667987399999,42850.00,2,500.00000000,21450.00,0
672,1667987400000,42.80,42.80,42.80,42.80,0.00000000,1667987459999,0.00,0,0.00000000,0.00,0
673,1667987460000,42.30,42.30,42.20,42.20,279389.00000000,1667987519999,11808700.00,2,0.00000000,0.00,0
674,1667987520000,42.80,42.80,42.80,42.80,138692.00000000,1667987579999,5936017.60,1,138692.00000000,5936017.60,0
675,1667987580000,42.70,42.70,42.70,42.70,68923.00000000,1667987639999,2943012.10,1,68923.00000000,2943012.10,0
676,1667987640000,42.50,42.50,42.50,42.50,47058.00000000,1667987699999,1999965.00,1,0.00000000,0.00,0
677,1667987700000,42.50,42.50,42.50,42.50,0.00000000,1667987759999,0.00,0,0.00000000,0.00,0
678,1667987760000,42.50,42.50,42.50,42.50,0.00000000,1667987819999,0.00,0,0.00000000,0.00,0
679,1667987820000,42.50,42.50,42.50,42.50,0.00000000,1667987879999,0.00,0,0.00000000,0.00,0
680,1667987880000,42.50,42.50,42.50,42.50,0.00000000,1667987939999,0.00,0,0.00000000,0.00,0
681,1667987940000,42.50,42.50,42.50,42.50,0.00000000,1667987999999,0.00,0,0.00000000,0.00,0
682,1667988000000,42.50,42.50,42.50,42.50,0.00000000,1667988059999,0.00,0,0.00000000,0.00,0
683,1667988060000,42.50,42.50,42.50,42.50,0.00000000,1667988119999,0.00,0,0.00000000,0.00,0
684,1667988120000,42.50,42.50,42.50,42.50,0.00000000,1667988179999,0.00,0,0.00000000,0.00,0
685,1667988180000,42.50,42.50,42.50,42.50,0.00000000,1667988239999,0.00,0,0.00000000,0.00,0
686,1667988240000,42.50,42.50,42.50,42.50,0.00000000,1667988299999,0.00,0,0.00000000,0.00,0
687,1667988300000,42.80,42.80,42.80,42.80,4349.00000000,1667988359999,186137.20,1,0.00000000,0.00,0
688,1667988360000,43.30,43.30,42.90,42.90,8487.00000000,1667988419999,366577.50,2,8487.00000000,366577.50,0
689,1667988420000,42.50,42.50,42.50,42.50,24029.00000000,1667988479999,1021232.50,2,0.00000000,0.00,0
690,1667988480000,42.70,42.70,42.70,42.70,27552.00000000,1667988539999,1176470.40,1,27552.00000000,1176470.40,0
691,1667988540000,42.70,42.70,42.70,42.70,0.00000000,1667988599999,0.00,0,0.00000000,0.00,0
692,1667988600000,42.70,42.70,42.70,42.70,0.00000000,1667988659999,0.00,0,0.00000000,0.00,0
693,1667988660000,42.00,42.00,42.00,42.00,1748.00000000,1667988719999,73416.00,2,0.00000000,0.00,0
694,1667988720000,42.00,42.00,42.00,42.00,34603.00000000,1667988779999,1453326.00,3,0.00000000,0.00,0
695,1667988780000,42.00,42.00,42.00,42.00,76006.00000000,1667988839999,3192252.00,7,3607.00000000,151494.00,0
696,1667988840000,42.10,42.10,42.10,42.10,1349.00000000,1667988899999,56792.90,1,1349.00000000,56792.90,0
697,1667988900000,41.50,41.50,41.40,41.40,163742.00000000,1667988959999,6780846.50,3,0.00000000,0.00,0
698,1667988960000,41.40,41.40,41.40,41.40,0.00000000,1667989019999,0.00,0,0.00000000,0.00,0
699,1667989020000,41.40,41.40,41.40,41.40,1378.00000000,1667989079999,57049.20,1,0.00000000,0.00,0
700,1667989080000,41.50,41.50,41.50,41.50,1000.00000000,1667989139999,41500.00,1,0.00000000,0.00,0
701,1667989140000,41.30,41.30,41.20,41.20,2000.00000000,1667989199999,82500.00,2,0.00000000,0.00,0
702,1667989200000,41.10,41.10,41.10,41.10,62334.00000000,1667989259999,2561927.40,3,0.00000000,0.00,0
703,1667989260000,41.20,41.20,41.20,41.20,4731.00000000,1667989319999,194917.20,1,4731.00000000,194917.20,0
704,1667989320000,41.20,41.20,41.20,41.20,0.00000000,1667989379999,0.00,0,0.00000000,0.00,0
705,1667989380000,41.90,41.90,41.90,41.90,144465.00000000,1667989439999,6053083.50,2,144465.00000000,6053083.50,0
706,1667989440000,41.90,41.90,41.90,41.90,0.00000000,1667989499999,0.00,0,0.00000000,0.00,0
707,1667989500000,42.70,42.70,42.60,42.60,91676.00000000,1667989559999,3914110.20,2,91676.00000000,3914110.20,0
708,1667989560000,42.60,42.60,42.60,42.60,0.00000000,1667989619999,0.00,0,0.00000000,0.00,0
709,1667989620000,41.60,41.60,41.60,41.60,72143.00000000,1667989679999,3001148.80,1,0.00000000,0.00,0
710,1667989680000,41.20,41.20,41.20,41.20,4885.00000000,1667989739999,201262.00,1,0.00000000,0.00,0
711,1667989740000,42.10,42.10,42.10,42.10,11641.00000000,1667989799999,490086.10,1,11641.00000000,490086.10,0
712,1667989800000,41.40,41.40,41.40,41.40,2220.00000000,1667989859999,91908.00,1,0.00000000,0.00,0
713,1667989860000,41.40,41.40,41.40,41.40,0.00000000,1667989919999,0.00,0,0.00000000,0.00,0
714,1667989920000,41.40,41.40,41.40,41.40,0.00000000,1667989979999,0.00,0,0.00000000,0.00,0
715,1667989980000,42.80,42.80,42.10,42.10,4977.00000000,1667990039999,212184.70,2,4977.00000000,212184.70,0
716,1667990040000,42.00,42.00,42.00,42.00,5719.00000000,1667990099999,240198.00,1,5719.00000000,240198.00,0
717,1667990100000,42.10,42.10,42.10,42.10,1693.00000000,1667990159999,71275.30,1,0.00000000,0.00,0
718,1667990160000,42.10,42.10,42.10,42.10,0.00000000,1667990219999,0.00,0,0.00000000,0.00,0
719,1667990220000,42.10,42.10,42.10,42.10,0.00000000,1667990279999,0.00,0,0.00000000,0.00,0
720,1667990280000,42.10,42.10,42.10,42.10,0.00000000,1667990339999,0.00,0,0.00000000,0.00,0
721,1667990340000,42.10,42.10,42.10,42.10,0.00000000,1667990399999,0.00,0,0.00000000,0.00,0
722,1667990400000,42.10,42.10,42.10,42.10,0.00000000,1667990459999,0.00,0,0.00000000,0.00,0
723,1667990460000,42.30,42.30,42.30,42.30,1182.00000000,1667990519999,49998.60,1,0.00000000,0.00,0
724,1667990520000,42.30,42.30,42.30,42.30,0.00000000,1667990579999,0.00,0,0.00000000,0.00,0
725,1667990580000,42.30,42.30,42.30,42.30,0.00000000,1667990639999,0.00,0,0.00000000,0.00,0
726,1667990640000,42.80,42.90,42.80,42.90,29517.00000000,1667990699999,1264218.00,3,21610.00000000,925007.70,0
727,1667990700000,42.90,42.90,42.90,42.90,8905.00000000,1667990759999,382024.50,1,8905.00000000,382024.50,0
728,1667990760000,43.00,43.00,43.00,43.00,29611.00000000,1667990819999,1273273.00,2,997.00000000,42871.00,0
729,1667990820000,43.00,43.00,43.00,43.00,0.00000000,1667990879999,0.00,0,0.00000000,0.00,0
730,1667990880000,43.00,43.00,43.00,43.00,0.00000000,1667990939999,0.00,0,0.00000000,0.00,0
731,1667990940000,43.00,43.00,43.00,43.00,0.00000000,1667990999999,0.00,0,0.00000000,0.00,0
732,1667991000000,43.00,43.00,43.00,43.00,0.00000000,1667991059999,0.00,0,0.00000000,0.00,0
733,1667991060000,43.00,43.00,43.00,43.00,4596.00000000,1667991119999,197628.00,1,0.00000000,0.00,0
734,1667991120000,43.10,43.10,43.10,43.10,19145.00000000,1667991179999,825149.50,2,1994.00000000,85941.40,0
735,1667991180000,43.10,43.10,43.10,43.10,0.00000000,1667991239999,0.00,0,0.00000000,0.00,0
736,1667991240000,43.10,43.10,43.10,43.10,0.00000000,1667991299999,0.00,0,0.00000000,0.00,0
737,1667991300000,43.10,43.10,43.10,43.10,0.00000000,1667991359999,0.00,0,0.00000000,0.00,0
738,1667991360000,43.40,43.40,43.40,43.40,1160.00000000,1667991419999,50344.00,2,1160.00000000,50344.00,0
739,1667991420000,43.40,43.40,43.40,43.40,0.00000000,1667991479999,0.00,0,0.00000000,0.00,0
740,1667991480000,43.40,43.40,43.40,43.40,7020.00000000,1667991539999,304668.00,1,7020.00000000,304668.00,0
741,1667991540000,42.60,42.70,42.30,42.30,19779.00000000,1667991599999,841919.70,3,0.00000000,0.00,0
742,1667991600000,42.30,42.30,42.30,42.30,0.00000000,1667991659999,0.00,0,0.00000000,0.00,0
743,1667991660000,42.30,42.30,42.30,42.30,0.00000000,1667991719999,0.00,0,0.00000000,0.00,0
744,1667991720000,42.30,42.30,42.30,42.30,0.00000000,1667991779999,0.00,0,0.00000000,0.00,0
745,1667991780000,42.30,42.30,42.30,42.30,0.00000000,1667991839999,0.00,0,0.00000000,0.00,0
746,1667991840000,42.30,42.30,42.30,42.30,0.00000000,1667991899999,0.00,0,0.00000000,0.00,0
747,1667991900000,42.90,42.90,42.90,42.90,23201.00000000,1667991959999,995322.90,1,23201.00000000,995322.90,0
748,1667991960000,42.90,42.90,42.90,42.90,0.00000000,1667992019999,0.00,0,0.00000000,0.00,0
749,1667992020000,42.90,42.90,42.90,42.90,0.00000000,1667992079999,0.00,0,0.00000000,0.00,0
750,1667992080000,42.60,42.60,42.60,42.60,37917.00000000,1667992139999,1615264.20,1,37917.00000000,1615264.20,0
751,1667992140000,42.50,42.50,42.50,42.50,11529.00000000,1667992199999,489982.50,1,0.00000000,0.00,0
752,1667992200000,42.50,42.90,42.50,42.90,258375.00000000,1667992259999,11054874.30,4,192690.00000000,8263261.80,0
753,1667992260000,42.90,42.90,42.90,42.90,0.00000000,1667992319999,0.00,0,0.00000000,0.00,0
754,1667992320000,43.10,43.10,43.00,43.00,75618.00000000,1667992379999,3251774.00,2,75618.00000000,3251774.00,0
755,1667992380000,43.00,43.00,43.00,43.00,0.00000000,1667992439999,0.00,0,0.00000000,0.00,0
756,1667992440000,43.00,43.00,43.00,43.00,0.00000000,1667992499999,0.00,0,0.00000000,0.00,0
757,1667992500000,43.00,43.00,43.00,43.00,0.00000000,1667992559999,0.00,0,0.00000000,0.00,0
758,1667992560000,43.00,43.00,43.00,43.00,0.00000000,1667992619999,0.00,0,0.00000000,0.00,0
759,1667992620000,43.70,43.70,43.70,43.70,4041.00000000,1667992679999,176591.70,1,4041.00000000,176591.70,0
760,1667992680000,43.70,43.70,43.70,43.70,0.00000000,1667992739999,0.00,0,0.00000000,0.00,0
761,1667992740000,43.70,43.70,43.70,43.70,0.00000000,1667992799999,0.00,0,0.00000000,0.00,0
762,1667992800000,43.70,43.70,43.70,43.70,6456.00000000,1667992859999,282127.20,1,0.00000000,0.00,0
763,1667992860000,43.70,43.70,43.70,43.70,0.00000000,1667992919999,0.00,0,0.00000000,0.00,0
764,1667992920000,43.70,43.70,43.70,43.70,0.00000000,1667992979999,0.00,0,0.00000000,0.00,0
765,1667992980000,43.80,43.80,43.60,43.60,147546.00000000,1667993039999,6459357.00,3,0.00000000,0.00,0
766,1667993040000,43.70,43.70,43.70,43.70,138213.00000000,1667993099999,6039908.10,2,138213.00000000,6039908.10,0
767,1667993100000,43.70,43.70,43.70,43.70,0.00000000,1667993159999,0.00,0,0.00000000,0.00,0
768,1667993160000,43.80,43.80,43.70,43.70,240871.00000000,1667993219999,10539852.40,2,0.00000000,0.00,0
769,1667993220000,43.10,43.10,43.10,43.10,12288.00000000,1667993279999,529612.80,1,0.00000000,0.00,0
770,1667993280000,43.10,43.10,43.10,43.10,0.00000000,1667993339999,0.00,0,0.00000000,0.00,0
771,1667993340000,43.30,43.30,43.30,43.30,16391.00000000,1667993399999,709730.30,1,0.00000000,0.00,0
772,1667993400000,43.30,43.30,43.30,43.30,0.00000000,1667993459999,0.00,0,0.00000000,0.00,0
773,1667993460000,43.30,43.30,43.30,43.30,0.00000000,1667993519999,0.00,0,0.00000000,0.00,0
774,1667993520000,43.90,43.90,43.90,43.90,2496.00000000,1667993579999,109574.40,2,2496.00000000,109574.40,0
775,1667993580000,43.70,43.70,43.70,43.70,91432.00000000,1667993639999,3995578.40,2,91432.00000000,3995578.40,0
776,1667993640000,43.70,43.70,43.70,43.70,0.00000000,1667993699999,0.00,0,0.00000000,0.00,0
777,1667993700000,43.70,43.70,43.70,43.70,0.00000000,1667993759999,0.00,0,0.00000000,0.00,0
778,1667993760000,43.70,43.70,43.70,43.70,570.00000000,1667993819999,24909.00,1,570.00000000,24909.00,0
779,1667993820000,43.70,43.70,43.70,43.70,480.00000000,1667993879999,20976.00,1,0.00000000,0.00,0
780,1667993880000,43.50,43.50,43.50,43.50,137897.00000000,1667993939999,5998519.50,1,137897.00000000,5998519.50,0
781,1667993940000,43.50,43.50,43.50,43.50,0.00000000,1667993999999,0.00,0,0.00000000,0.00,0
782,1667994000000,43.50,43.50,43.50,43.50,0.00000000,1667994059999,0.00,0,0.00000000,0.00,0
783,1667994060000,43.50,43.50,43.50,43.50,0.00000000,1667994119999,0.00,0,0.00000000,0.00,0
784,1667994120000,43.50,43.50,43.50,43.50,72772.00000000,1667994179999,3165582.00,1,0.00000000,0.00,0
785,1667994180000,43.50,43.50,43.50,43.50,0.00000000,1667994239999,0.00,0,0.00000000,0.00,0
786,1667994240000,43.50,43.50,43.50,43.50,0.00000000,1667994299999,0.00,0,0.00000000,0.00,0
787,1667994300000,43.40,43.40,43.40,43.40,46524.00000000,1667994359999,2019141.60,1,0.00000000,0.00,0
788,1667994360000,43.40,43.40,43.40,43.40,0.00000000,1667994419999,0.00,0,0.00000000,0.00,0
789,1667994420000,43.40,43.40,43.40,43.40,0.00000000,1667994479999,0.00,0,0.00000000,0.00,0
790,1667994480000,43.40,43.40,43.40,43.40,0.00000000,1667994539999,0.00,0,0.00000000,0.00,0
791,1667994540000,43.40,43.40,43.40,43.40,0.00000000,1667994599999,0.00,0,0.00000000,0.00,0
792,1667994600000,43.40,43.40,43.40,43.40,0.00000000,1667994659999,0.00,0,0.00000000,0.00,0
793,1667994660000,43.40,43.40,43.40,43.40,0.00000000,1667994719999,0.00,0,0.00000000,0.00,0
794,1667994720000,43.40,43.40,43.40,43.40,5172.00000000,1667994779999,224464.80,1,0.00000000,0.00,0
795,1667994780000,43.40,43.40,43.40,43.40,0.00000000,1667994839999,0.00,0,0.00000000,0.00,0
796,1667994840000,43.40,43.40,43.40,43.40,0.00000000,1667994899999,0.00,0,0.00000000,0.00,0
797,1667994900000,43.40,43.40,43.40,43.40,0.00000000,1667994959999,0.00,0,0.00000000,0.00,0
798,1667994960000,43.40,43.40,43.40,43.40,0.00000000,1667995019999,0.00,0,0.00000000,0.00,0
799,1667995020000,43.40,43.40,43.40,43.40,0.00000000,1667995079999,0.00,0,0.00000000,0.00,0
800,1667995080000,43.40,43.40,43.40,43.40,0.00000000,1667995139999,0.00,0,0.00000000,0.00,0
801,1667995140000,43.80,43.80,43.80,43.80,1628.00000000,1667995199999,71306.40,1,1628.00000000,71306.40,0
802,1667995200000,43.80,43.80,43.80,43.80,1611.00000000,1667995259999,70561.80,1,0.00000000,0.00,0
803,1667995260000,43.80,43.80,43.80,43.80,0.00000000,1667995319999,0.00,0,0.00000000,0.00,0
804,1667995320000,43.80,43.80,43.80,43.80,0.00000000,1667995379999,0.00,0,0.00000000,0.00,0
805,1667995380000,43.80,43.80,43.80,43.80,0.00000000,1667995439999,0.00,0,0.00000000,0.00,0
806,1667995440000,43.80,43.80,43.80,43.80,0.00000000,1667995499999,0.00,0,0.00000000,0.00,0
807,1667995500000,43.80,43.80,43.80,43.80,0.00000000,1667995559999,0.00,0,0.00000000,0.00,0
808,1667995560000,44.60,44.90,44.60,44.90,22367.00000000,1667995619999,1003963.30,2,22367.00000000,1003963.30,0
809,1667995620000,44.90,44.90,44.90,44.90,0.00000000,1667995679999,0.00,0,0.00000000,0.00,0
810,1667995680000,44.90,44.90,44.90,44.90,0.00000000,1667995739999,0.00,0,0.00000000,0.00,0
811,1667995740000,44.40,44.40,44.40,44.40,1208.00000000,1667995799999,53635.20,1,0.00000000,0.00,0
812,1667995800000,44.40,44.40,44.40,44.40,0.00000000,1667995859999,0.00,0,0.00000000,0.00,0
813,1667995860000,44.40,44.40,44.40,44.40,0.00000000,1667995919999,0.00,0,0.00000000,0.00,0
814,1667995920000,44.50,44.50,44.50,44.50,58298.00000000,1667995979999,2594261.00,1,58298.00000000,2594261.00,0
815,1667995980000,44.50,44.50,44.50,44.50,0.00000000,1667996039999,0.00,0,0.00000000,0.00,0
816,1667996040000,44.50,44.50,44.50,44.50,0.00000000,1667996099999,0.00,0,0.00000000,0.00,0
817,1667996100000,44.70,44.70,44.70,44.70,2102.00000000,1667996159999,93959.40,1,2102.00000000,93959.40,0
818,1667996160000,44.50,44.50,44.50,44.50,2258.00000000,1667996219999,100481.00,1,0.00000000,0.00,0
819,1667996220000,44.50,44.50,44.50,44.50,1204.00000000,1667996279999,53578.00,1,0.00000000,0.00,0
820,1667996280000,44.50,44.50,44.50,44.50,0.00000000,1667996339999,0.00,0,0.00000000,0.00,0
821,1667996340000,44.20,44.20,44.20,44.20,1801.00000000,1667996399999,79604.20,1,0.00000000,0.00,0
822,1667996400000,44.20,44.20,44.20,44.20,0.00000000,1667996459999,0.00,0,0.00000000,0.00,0
823,1667996460000,44.50,44.50,44.50,44.50,44050.00000000,1667996519999,1960225.00,1,44050.00000000,1960225.00,0
824,1667996520000,44.30,44.30,44.30,44.30,82964.00000000,1667996579999,3675305.20,1,0.00000000,0.00,0
825,1667996580000,44.50,44.50,44.50,44.50,6798.00000000,1667996639999,302511.00,1,6798.00000000,302511.00,0
826,1667996640000,44.00,44.00,44.00,44.00,1332.00000000,1667996699999,58608.00,1,0.00000000,0.00,0
827,1667996700000,44.00,44.00,44.00,44.00,0.00000000,1667996759999,0.00,0,0.00000000,0.00,0
828,1667996760000,44.00,44.00,44.00,44.00,0.00000000,1667996819999,0.00,0,0.00000000,0.00,0
829,1667996820000,44.00,44.00,44.00,44.00,0.00000000,1667996879999,0.00,0,0.00000000,0.00,0
830,1667996880000,44.10,44.50,44.10,44.50,2746.00000000,1667996939999,121994.60,2,2240.00000000,99680.00,0
831,1667996940000,44.50,44.50,44.50,44.50,0.00000000,1667996999999,0.00,0,0.00000000,0.00,0
832,1667997000000,44.50,44.50,44.50,44.50,0.00000000,1667997059999,0.00,0,0.00000000,0.00,0
833,1667997060000,44.50,44.50,44.50,44.50,0.00000000,1667997119999,0.00,0,0.00000000,0.00,0
834,1667997120000,44.50,44.50,44.50,44.50,0.00000000,1667997179999,0.00,0,0.00000000,0.00,0
835,1667997180000,44.50,44.50,44.50,44.50,1364.00000000,1667997239999,60698.00,1,0.00000000,0.00,0
836,1667997240000,44.10,44.10,44.10,44.10,1186.00000000,1667997299999,52302.60,1,0.00000000,0.00,0
837,1667997300000,44.10,44.10,44.10,44.10,0.00000000,1667997359999,0.00,0,0.00000000,0.00,0
838,1667997360000,44.10,44.10,44.10,44.10,0.00000000,1667997419999,0.00,0,0.00000000,0.00,0
839,1667997420000,44.10,44.10,44.10,44.10,0.00000000,1667997479999,0.00,0,0.00000000,0.00,0
840,1667997480000,44.10,44.10,44.10,44.10,0.00000000,1667997539999,0.00,0,0.00000000,0.00,0
841,1667997540000,44.10,44.10,44.10,44.10,0.00000000,1667997599999,0.00,0,0.00000000,0.00,0
842,1667997600000,44.10,44.10,44.10,44.10,0.00000000,1667997659999,0.00,0,0.00000000,0.00,0
843,1667997660000,44.10,44.10,44.10,44.10,0.00000000,1667997719999,0.00,0,0.00000000,0.00,0
844,1667997720000,44.70,44.70,44.60,44.60,72112.00000000,1667997779999,3216265.60,3,72112.00000000,3216265.60,0
845,1667997780000,44.60,44.60,44.60,44.60,0.00000000,1667997839999,0.00,0,0.00000000,0.00,0
846,1667997840000,44.60,44.60,44.60,44.60,0.00000000,1667997899999,0.00,0,0.00000000,0.00,0
847,1667997900000,44.60,44.60,44.60,44.60,0.00000000,1667997959999,0.00,0,0.00000000,0.00,0
848,1667997960000,44.60,44.60,44.60,44.60,0.00000000,1667998019999,0.00,0,0.00000000,0.00,0
849,1667998020000,44.70,44.70,44.70,44.70,26694.00000000,1667998079999,1193221.80,1,26694.00000000,1193221.80,0
850,1667998080000,44.70,44.70,44.70,44.70,15703.00000000,1667998139999,701924.10,1,15703.00000000,701924.10,0
851,1667998140000,44.60,44.60,44.60,44.60,1931.00000000,1667998199999,86122.60,1,0.00000000,0.00,0
852,1667998200000,44.40,44.40,44.40,44.40,5326.00000000,1667998259999,236474.40,1,0.00000000,0.00,0
853,1667998260000,44.40,44.40,44.40,44.40,1196.00000000,1667998319999,53102.40,1,0.00000000,0.00,0
854,1667998320000,44.40,44.40,44.40,44.40,0.00000000,1667998379999,0.00,0,0.00000000,0.00,0
855,1667998380000,44.40,44.40,44.40,44.40,0.00000000,1667998439999,0.00,0,0.00000000,0.00,0
856,1667998440000,44.40,44.40,44.40,44.40,0.00000000,1667998499999,0.00,0,0.00000000,0.00,0
857,1667998500000,44.40,44.40,44.40,44.40,0.00000000,1667998559999,0.00,0,0.00000000,0.00,0
858,1667998560000,44.00,44.00,44.00,44.00,8839.00000000,1667998619999,388916.00,2,0.00000000,0.00,0
859,1667998620000,44.00,44.00,44.00,44.00,0.00000000,1667998679999,0.00,0,0.00000000,0.00,0
860,1667998680000,44.00,44.00,44.00,44.00,0.00000000,1667998739999,0.00,0,0.00000000,0.00,0
861,1667998740000,44.00,44.00,44.00,44.00,0.00000000,1667998799999,0.00,0,0.00000000,0.00,0
862,1667998800000,44.00,44.00,44.00,44.00,0.00000000,1667998859999,0.00,0,0.00000000,0.00,0
863,1667998860000,44.00,44.00,44.00,44.00,0.00000000,1667998919999,0.00,0,0.00000000,0.00,0
864,1667998920000,44.00,44.00,44.00,44.00,0.00000000,1667998979999,0.00,0,0.00000000,0.00,0
865,1667998980000,44.00,44.00,44.00,44.00,0.00000000,1667999039999,0.00,0,0.00000000,0.00,0
866,1667999040000,44.00,44.00,44.00,44.00,0.00000000,1667999099999,0.00,0,0.00000000,0.00,0
867,1667999100000,44.00,44.00,44.00,44.00,0.00000000,1667999159999,0.00,0,0.00000000,0.00,0
868,1667999160000,44.00,44.00,44.00,44.00,0.00000000,1667999219999,0.00,0,0.00000000,0.00,0
869,1667999220000,44.00,44.00,44.00,44.00,0.00000000,1667999279999,0.00,0,0.00000000,0.00,0
870,1667999280000,44.00,44.00,44.00,44.00,0.00000000,1667999339999,0.00,0,0.00000000,0.00,0
871,1667999340000,44.00,44.00,44.00,44.00,0.00000000,1667999399999,0.00,0,0.00000000,0.00,0
872,1667999400000,43.50,43.50,43.50,43.50,58872.00000000,1667999459999,2560932.00,1,0.00000000,0.00,0
873,1667999460000,43.50,43.50,43.40,43.40,92633.00000000,1667999519999,4020354.80,3,0.00000000,0.00,0
874,1667999520000,43.40,43.40,43.40,43.40,0.00000000,1667999579999,0.00,0,0.00000000,0.00,0
875,1667999580000,44.30,44.30,44.30,44.30,2881.00000000,1667999639999,127628.30,2,2881.00000000,127628.30,0
876,1667999640000,44.30,44.30,44.30,44.30,0.00000000,1667999699999,0.00,0,0.00000000,0.00,0
877,1667999700000,44.30,44.30,44.30,44.30,2562.00000000,1667999759999,113496.60,1,2562.00000000,113496.60,0
878,1667999760000,44.30,44.30,44.30,44.30,0.00000000,1667999819999,0.00,0,0.00000000,0.00,0
879,1667999820000,43.50,43.50,43.50,43.50,8718.00000000,1667999879999,379233.00,1,0.00000000,0.00,0
880,1667999880000,43.50,43.50,43.50,43.50,0.00000000,1667999939999,0.00,0,0.00000000,0.00,0
881,1667999940000,43.50,43.50,43.50,43.50,0.00000000,1667999999999,0.00,0,0.00000000,0.00,0
882,1668000000000,43.50,43.50,43.50,43.50,0.00000000,1668000059999,0.00,0,0.00000000,0.00,0
883,1668000060000,43.50,43.50,43.50,43.50,0.00000000,1668000119999,0.00,0,0.00000000,0.00,0
884,1668000120000,43.50,43.50,43.50,43.50,0.00000000,1668000179999,0.00,0,0.00000000,0.00,0
885,1668000180000,43.50,43.50,43.50,43.50,0.00000000,1668000239999,0.00,0,0.00000000,0.00,0
886,1668000240000,43.50,43.50,43.50,43.50,0.00000000,1668000299999,0.00,0,0.00000000,0.00,0
887,1668000300000,43.50,43.50,43.50,43.50,0.00000000,1668000359999,0.00,0,0.00000000,0.00,0
888,1668000360000,43.50,43.50,43.50,43.50,0.00000000,1668000419999,0.00,0,0.00000000,0.00,0
889,1668000420000,43.50,43.50,43.50,43.50,0.00000000,1668000479999,0.00,0,0.00000000,0.00,0
890,1668000480000,43.50,43.50,43.50,43.50,0.00000000,1668000539999,0.00,0,0.00000000,0.00,0
891,1668000540000,43.50,43.50,43.50,43.50,0.00000000,1668000599999,0.00,0,0.00000000,0.00,0
892,1668000600000,43.50,43.50,43.50,43.50,0.00000000,1668000659999,0.00,0,0.00000000,0.00,0
893,1668000660000,43.50,43.50,43.50,43.50,0.00000000,1668000719999,0.00,0,0.00000000,0.00,0
894,1668000720000,43.50,43.50,43.50,43.50,0.00000000,1668000779999,0.00,0,0.00000000,0.00,0
895,1668000780000,43.50,43.50,43.50,43.50,0.00000000,1668000839999,0.00,0,0.00000000,0.00,0
896,1668000840000,43.50,43.50,43.50,43.50,0.00000000,1668000899999,0.00,0,0.00000000,0.00,0
897,1668000900000,43.50,43.50,43.50,43.50,0.00000000,1668000959999,0.00,0,0.00000000,0.00,0
898,1668000960000,43.50,43.50,43.50,43.50,0.00000000,1668001019999,0.00,0,0.00000000,0.00,0
899,1668001020000,43.40,43.40,43.30,43.30,433013.00000000,1668001079999,18788098.40,4,0.00000000,0.00,0
900,1668001080000,43.30,43.30,43.30,43.30,0.00000000,1668001139999,0.00,0,0.00000000,0.00,0
901,1668001140000,43.20,43.20,43.20,43.20,72051.00000000,1668001199999,3112603.20,1,0.00000000,0.00,0
902,1668001200000,43.90,43.90,43.90,43.90,5584.00000000,1668001259999,245137.60,1,5584.00000000,245137.60,0
903,1668001260000,43.90,43.90,43.90,43.90,0.00000000,1668001319999,0.00,0,0.00000000,0.00,0
904,1668001320000,43.90,43.90,43.90,43.90,0.00000000,1668001379999,0.00,0,0.00000000,0.00,0
905,1668001380000,43.90,43.90,43.90,43.90,0.00000000,1668001439999,0.00,0,0.00000000,0.00,0
906,1668001440000,43.70,43.70,43.70,43.70,2961.00000000,1668001499999,129395.70,1,0.00000000,0.00,0
907,1668001500000,43.70,43.70,43.70,43.70,0.00000000,1668001559999,0.00,0,0.00000000,0.00,0
908,1668001560000,43.70,43.70,43.70,43.70,0.00000000,1668001619999,0.00,0,0.00000000,0.00,0
909,1668001620000,43.70,43.70,43.70,43.70,0.00000000,1668001679999,0.00,0,0.00000000,0.00,0
910,1668001680000,43.70,43.70,43.70,43.70,0.00000000,1668001739999,0.00,0,0.00000000,0.00,0
911,1668001740000,43.70,43.70,43.70,43.70,0.00000000,1668001799999,0.00,0,0.00000000,0.00,0
912,1668001800000,44.30,44.90,44.30,44.90,167221.00000000,1668001859999,7422177.70,5,167221.00000000,7422177.70,0
913,1668001860000,43.80,43.80,43.80,43.80,6682.00000000,1668001919999,292671.60,1,6682.00000000,292671.60,0
914,1668001920000,43.80,43.80,43.80,43.80,1119.00000000,1668001979999,49012.20,1,0.00000000,0.00,0
915,1668001980000,43.80,43.80,43.80,43.80,342490.00000000,1668002039999,15001062.00,2,72178.00000000,3161396.40,0
916,1668002040000,43.80,43.80,43.80,43.80,0.00000000,1668002099999,0.00,0,0.00000000,0.00,0
917,1668002100000,43.80,43.80,43.80,43.80,0.00000000,1668002159999,0.00,0,0.00000000,0.00,0
918,1668002160000,43.80,43.80,43.80,43.80,2283.00000000,1668002219999,99995.40,1,0.00000000,0.00,0
919,1668002220000,43.80,43.80,43.80,43.80,0.00000000,1668002279999,0.00,0,0.00000000,0.00,0
920,1668002280000,43.90,43.90,43.90,43.90,22323.00000000,1668002339999,979979.70,1,22323.00000000,979979.70,0
921,1668002340000,43.90,43.90,43.90,43.90,0.00000000,1668002399999,0.00,0,0.00000000,0.00,0
922,1668002400000,43.90,43.90,43.90,43.90,0.00000000,1668002459999,0.00,0,0.00000000,0.00,0
923,1668002460000,43.70,43.70,43.60,43.60,33882.00000000,1668002519999,1478949.30,2,0.00000000,0.00,0
924,1668002520000,43.60,43.60,43.60,43.60,0.00000000,1668002579999,0.00,0,0.00000000,0.00,0
925,1668002580000,43.60,43.60,43.60,43.60,0.00000000,1668002639999,0.00,0,0.00000000,0.00,0
926,1668002640000,43.60,43.60,43.40,43.40,45894.00000000,1668002699999,1996389.00,3,0.00000000,0.00,0
927,1668002700000,43.40,43.40,43.40,43.40,0.00000000,1668002759999,0.00,0,0.00000000,0.00,0
928,1668002760000,43.70,43.70,43.70,43.70,1140.00000000,1668002819999,49818.00,1,1140.00000000,49818.00,0
929,1668002820000,43.70,43.70,43.70,43.70,1285.00000000,1668002879999,56154.50,1,1285.00000000,56154.50,0
930,1668002880000,43.70,43.70,43.70,43.70,0.00000000,1668002939999,0.00,0,0.00000000,0.00,0
931,1668002940000,43.70,43.70,43.70,43.70,7062.00000000,1668002999999,308609.40,2,7062.00000000,308609.40,0
932,1668003000000,44.00,44.00,44.00,44.00,22727.00000000,1668003059999,999988.00,1,22727.00000000,999988.00,0
933,1668003060000,44.00,44.00,44.00,44.00,0.00000000,1668003119999,0.00,0,0.00000000,0.00,0
934,1668003120000,44.00,44.00,44.00,44.00,19377.00000000,1668003179999,852588.00,1,19377.00000000,852588.00,0
935,1668003180000,44.00,44.00,44.00,44.00,1136.00000000,1668003239999,49984.00,1,1136.00000000,49984.00,0
936,1668003240000,44.00,44.00,43.70,43.70,9799.00000000,1668003299999,428643.30,4,1073.00000000,47212.00,0
937,1668003300000,43.70,43.70,43.70,43.70,0.00000000,1668003359999,0.00,0,0.00000000,0.00,0
938,1668003360000,43.70,43.70,43.70,43.70,0.00000000,1668003419999,0.00,0,0.00000000,0.00,0
939,1668003420000,43.70,43.70,43.70,43.70,0.00000000,1668003479999,0.00,0,0.00000000,0.00,0
940,1668003480000,43.50,43.50,43.50,43.50,349232.00000000,1668003539999,15191592.00,1,349232.00000000,15191592.00,0
941,1668003540000,43.50,43.50,43.50,43.50,0.00000000,1668003599999,0.00,0,0.00000000,0.00,0
942,1668003600000,43.50,43.50,43.50,43.50,0.00000000,1668003659999,0.00,0,0.00000000,0.00,0
943,1668003660000,43.50,43.50,43.50,43.50,0.00000000,1668003719999,0.00,0,0.00000000,0.00,0
944,1668003720000,43.50,43.50,43.50,43.50,0.00000000,1668003779999,0.00,0,0.00000000,0.00,0
945,1668003780000,43.50,43.50,43.50,43.50,0.00000000,1668003839999,0.00,0,0.00000000,0.00,0
946,1668003840000,43.50,43.50,43.50,43.50,0.00000000,1668003899999,0.00,0,0.00000000,0.00,0
947,1668003900000,43.50,43.50,43.50,43.50,0.00000000,1668003959999,0.00,0,0.00000000,0.00,0
948,1668003960000,43.50,43.50,43.50,43.50,0.00000000,1668004019999,0.00,0,0.00000000,0.00,0
949,1668004020000,43.50,43.50,43.50,43.50,0.00000000,1668004079999,0.00,0,0.00000000,0.00,0
950,1668004080000,43.30,43.30,43.30,43.30,8490.00000000,1668004139999,367617.00,1,0.00000000,0.00,0
951,1668004140000,43.30,43.30,43.30,43.30,0.00000000,1668004199999,0.00,0,0.00000000,0.00,0
952,1668004200000,43.30,43.30,43.30,43.30,0.00000000,1668004259999,0.00,0,0.00000000,0.00,0
953,1668004260000,43.30,43.30,43.30,43.30,0.00000000,1668004319999,0.00,0,0.00000000,0.00,0
954,1668004320000,43.30,43.30,43.30,43.30,1131.00000000,1668004379999,48972.30,1,0.00000000,0.00,0
955,1668004380000,43.30,43.30,43.30,43.30,0.00000000,1668004439999,0.00,0,0.00000000,0.00,0
956,1668004440000,43.30,44.20,43.30,44.20,9079.00000000,1668004499999,399969.70,2,9079.00000000,399969.70,0
957,1668004500000,44.20,44.20,44.20,44.20,0.00000000,1668004559999,0.00,0,0.00000000,0.00,0
958,1668004560000,44.20,44.20,44.20,44.20,0.00000000,1668004619999,0.00,0,0.00000000,0.00,0
959,1668004620000,43.90,43.90,43.90,43.90,1137.00000000,1668004679999,49914.30,1,1137.00000000,49914.30,0
960,1668004680000,43.90,43.90,43.90,43.90,0.00000000,1668004739999,0.00,0,0.00000000,0.00,0
961,1668004740000,43.90,43.90,43.90,43.90,0.00000000,1668004799999,0.00,0,0.00000000,0.00,0
962,1668004800000,43.90,43.90,43.90,43.90,0.00000000,1668004859999,0.00,0,0.00000000,0.00,0
963,1668004860000,44.30,44.30,44.30,44.30,12851.00000000,1668004919999,569299.30,1,12851.00000000,569299.30,0
964,1668004920000,44.30,44.30,44.30,44.30,0.00000000,1668004979999,0.00,0,0.00000000,0.00,0
965,1668004980000,44.30,44.30,44.30,44.30,0.00000000,1668005039999,0.00,0,0.00000000,0.00,0
966,1668005040000,44.30,44.30,44.30,44.30,0.00000000,1668005099999,0.00,0,0.00000000,0.00,0
967,1668005100000,44.30,44.40,44.30,44.40,14117.00000000,1668005159999,626229.50,2,14117.00000000,626229.50,0
968,1668005160000,44.40,44.40,44.40,44.40,0.00000000,1668005219999,0.00,0,0.00000000,0.00,0
969,1668005220000,44.40,44.40,44.40,44.40,0.00000000,1668005279999,0.00,0,0.00000000,0.00,0
970,1668005280000,44.40,44.40,44.40,44.40,0.00000000,1668005339999,0.00,0,0.00000000,0.00,0
971,1668005340000,44.40,44.40,44.40,44.40,0.00000000,1668005399999,0.00,0,0.00000000,0.00,0
972,1668005400000,44.40,44.40,44.40,44.40,0.00000000,1668005459999,0.00,0,0.00000000,0.00,0
973,1668005460000,44.40,44.40,44.40,44.40,0.00000000,1668005519999,0.00,0,0.00000000,0.00,0
974,1668005520000,44.40,44.40,44.40,44.40,0.00000000,1668005579999,0.00,0,0.00000000,0.00,0
975,1668005580000,44.40,44.40,44.40,44.40,11261.00000000,1668005639999,499988.40,2,1621.00000000,71972.40,0
976,1668005640000,44.40,44.40,44.40,44.40,0.00000000,1668005699999,0.00,0,0.00000000,0.00,0
977,1668005700000,44.40,44.40,44.40,44.40,0.00000000,1668005759999,0.00,0,0.00000000,0.00,0
978,1668005760000,44.40,44.40,44.40,44.40,732.00000000,1668005819999,32500.80,1,0.00000000,0.00,0
979,1668005820000,44.40,44.40,44.40,44.40,0.00000000,1668005879999,0.00,0,0.00000000,0.00,0
980,1668005880000,44.70,44.70,44.70,44.70,2269.00000000,1668005939999,101424.30,1,2269.00000000,101424.30,0
981,1668005940000,44.50,44.50,44.50,44.50,19016.00000000,1668005999999,846212.00,1,19016.00000000,846212.00,0
982,1668006000000,44.50,44.50,44.50,44.50,0.00000000,1668006059999,0.00,0,0.00000000,0.00,0
983,1668006060000,44.50,44.50,44.50,44.50,0.00000000,1668006119999,0.00,0,0.00000000,0.00,0
984,1668006120000,44.50,44.50,44.50,44.50,0.00000000,1668006179999,0.00,0,0.00000000,0.00,0
985,1668006180000,44.50,44.50,44.50,44.50,0.00000000,1668006239999,0.00,0,0.00000000,0.00,0
986,1668006240000,44.50,44.50,44.50,44.50,0.00000000,1668006299999,0.00,0,0.00000000,0.00,0
987,1668006300000,44.70,44.90,44.60,44.60,24209.00000000,1668006359999,1086072.50,3,24209.00000000,1086072.50,0
988,1668006360000,44.60,44.60,44.60,44.60,0.00000000,1668006419999,0.00,0,0.00000000,0.00,0
989,1668006420000,44.60,44.60,44.60,44.60,0.00000000,1668006479999,0.00,0,0.00000000,0.00,0
990,1668006480000,44.50,44.50,44.50,44.50,3870.00000000,1668006539999,172215.00,1,0.00000000,0.00,0
991,1668006540000,44.50,44.50,44.50,44.50,0.00000000,1668006599999,0.00,0,0.00000000,0.00,0
992,1668006600000,44.90,44.90,44.90,44.90,1257.00000000,1668006659999,56439.30,1,1257.00000000,56439.30,0
993,1668006660000,44.00,44.00,44.00,44.00,1253.00000000,1668006719999,55132.00,1,0.00000000,0.00,0
994,1668006720000,44.00,44.00,44.00,44.00,0.00000000,1668006779999,0.00,0,0.00000000,0.00,0
995,1668006780000,44.80,44.80,44.80,44.80,549.00000000,1668006839999,24595.20,1,549.00000000,24595.20,0
996,1668006840000,44.70,44.70,44.70,44.70,551.00000000,1668006899999,24629.70,1,551.00000000,24629.70,0
997,1668006900000,44.70,44.70,44.70,44.70,0.00000000,1668006959999,0.00,0,0.00000000,0.00,0
998,1668006960000,44.70,44.70,44.70,44.70,4787.00000000,1668007019999,213978.90,1,4787.00000000,213978.90,0
999,1668007020000,44.70,44.70,44.70,44.70,0.00000000,1668007079999,0.00,0,0.00000000,0.00,0
